date,Commodity,weighted_price_sum,official_observations,national_weighted_price,base_price_2015,price_index_2015_100,index_yoy_pct
2001-12-01,Arhar (Tur/Red Gram)(Whole),33694.0,15,2246.266666666667,7527.613774902563,29.840354909756808,
2002-01-01,Arhar (Tur/Red Gram)(Whole),52005.0,36,1444.5833333333333,7527.613774902563,19.190454990526288,
2002-02-01,Arhar (Tur/Red Gram)(Whole),72499.0,48,1510.3958333333333,7527.613774902563,20.064736030547525,
2002-03-01,Arhar (Tur/Red Gram)(Whole),64548.0,49,1317.3061224489795,7527.613774902563,17.499650776995804,
2002-04-01,Arhar (Tur/Red Gram)(Whole),284958.0,166,1716.6144578313254,7527.613774902563,22.804231316364863,
2002-05-01,Arhar (Tur/Red Gram)(Whole),345487.0,192,1799.4114583333333,7527.613774902563,23.90414163293898,
2002-06-01,Arhar (Tur/Red Gram)(Whole),462339.99999999994,248,1864.2741935483868,7527.613774902563,24.76580559650881,
2002-07-01,Arhar (Tur/Red Gram)(Whole),761169.0,423,1799.4539007092199,7527.613774902563,23.904705455381997,
2002-08-01,Arhar (Tur/Red Gram)(Whole),692206.5,370,1870.8283783783784,7527.613774902563,24.852874155363985,
2002-09-01,Arhar (Tur/Red Gram)(Whole),793455.0000000001,406,1954.3226600985224,7527.613774902563,25.962047450074163,
2002-10-01,Arhar (Tur/Red Gram)(Whole),664866.0,334,1990.6167664670659,7527.613774902563,26.444193684642546,
2002-11-01,Arhar (Tur/Red Gram)(Whole),889248.0,439,2025.621867881549,7527.613774902563,26.90921623310527,
2002-12-01,Arhar (Tur/Red Gram)(Whole),1122771.0,629,1785.0095389507155,7527.613774902563,23.712820454498154,-20.534388661896084
2003-01-01,Arhar (Tur/Red Gram)(Whole),1589804.9999999998,946,1680.5549682875262,7527.613774902563,22.32520183076581,16.334927138450063
2003-02-01,Arhar (Tur/Red Gram)(Whole),1761400.0,1001,1759.6403596403597,7527.613774902563,23.375805564136247,16.50193418217807
2003-03-01,Arhar (Tur/Red Gram)(Whole),1623063.0,925,1754.6627027027027,7527.613774902563,23.309680267508345,33.200831059726774
2003-04-01,Arhar (Tur/Red Gram)(Whole),1823801.945,1002,1820.1616217564872,7527.613774902563,24.1797955658272,6.032057079140385
2003-05-01,Arhar (Tur/Red Gram)(Whole),2048517.8625,1133,1808.047539717564,7527.613774902563,24.01886698472342,0.47993922369651276
2003-06-01,Arhar (Tur/Red Gram)(Whole),2164890.945,1206,1795.1002860696517,7527.613774902563,23.846870200150345,-3.7105007255972544
2003-07-01,Arhar (Tur/Red Gram)(Whole),2002588.89,1082,1850.821524953789,7527.613774902563,24.58709466636718,2.8546229622400388
2003-08-01,Arhar (Tur/Red Gram)(Whole),1729068.3900000001,877,1971.571710376283,7527.613774902563,26.191191117557075,5.384958511546012
2003-09-01,Arhar (Tur/Red Gram)(Whole),1644880.0,816,2015.7843137254902,7527.613774902563,26.778530009685337,3.1449082017945384
2003-10-01,Arhar (Tur/Red Gram)(Whole),1382953.3625,674,2051.859588278932,7527.613774902563,27.25776919001787,3.07657520239617
2003-11-01,Arhar (Tur/Red Gram)(Whole),1384075.5,657,2106.659817351598,7527.613774902563,27.985758572993028,4.000645468682706
2003-12-01,Arhar (Tur/Red Gram)(Whole),1801932.445,928,1941.7375484913794,7527.613774902563,25.79486151328896,8.78023372540595
2004-01-01,Arhar (Tur/Red Gram)(Whole),2800604.445,1432,1955.7293610335194,7527.613774902563,25.98073465928895,16.37401917453458
2004-02-01,Arhar (Tur/Red Gram)(Whole),2450736.5,1310,1870.7912213740458,7527.613774902563,24.852380546028495,6.316680628785032
2004-03-01,Arhar (Tur/Red Gram)(Whole),2588967.0,1389,1863.9071274298055,7527.613774902563,24.76092933519204,6.225950124706814
2004-04-01,Arhar (Tur/Red Gram)(Whole),2170424.5,1221,1777.579443079443,7527.613774902563,23.61411592350794,-2.3394723945421747
2004-05-01,Arhar (Tur/Red Gram)(Whole),2246077.5,1206,1862.4191542288556,7527.613774902563,24.741162470878265,3.0072004920725037
2004-06-01,Arhar (Tur/Red Gram)(Whole),2361614.0,1243,1899.9308125502816,7527.613774902563,25.239483179712874,5.839814482462979
2004-07-01,Arhar (Tur/Red Gram)(Whole),2283178.0,1138,2006.3075571177505,7527.613774902563,26.652636773247842,8.400919811425013
2004-08-01,Arhar (Tur/Red Gram)(Whole),2400156.0,1101,2179.978201634877,7527.613774902563,28.95975094927203,10.570576264700971
2004-09-01,Arhar (Tur/Red Gram)(Whole),2197884.0,972,2261.1975308641977,7527.613774902563,30.038702814471463,12.174577184061185
2004-10-01,Arhar (Tur/Red Gram)(Whole),1789812.5,782,2288.762787723785,7527.613774902563,30.40489132631424,11.54578026674642
2004-11-01,Arhar (Tur/Red Gram)(Whole),1359351.0,634,2144.0867507886437,7527.613774902563,28.482953760687554,1.7766007178177112
2004-12-01,Arhar (Tur/Red Gram)(Whole),2224186.0,1210,1838.1702479338842,7527.613774902563,24.4190297602998,-5.3337435143056
2005-01-01,Arhar (Tur/Red Gram)(Whole),2394532.5,1412,1695.8445467422096,7527.613774902563,22.52831504714335,-13.288383324877406
2005-02-01,Arhar (Tur/Red Gram)(Whole),2616811.0,1571,1665.6976448122216,7527.613774902563,22.127830872058556,-10.962932379551592
2005-03-01,Arhar (Tur/Red Gram)(Whole),2610858.0,1571,1661.9083386378104,7527.613774902563,22.077492128763236,-10.837384857824805
2005-04-01,Arhar (Tur/Red Gram)(Whole),2745112.5,1560,1759.6875,7527.613774902563,23.37643179657922,-1.0065340904509723
2005-05-01,Arhar (Tur/Red Gram)(Whole),3061854.0,1684,1818.2030878859857,7527.613774902563,24.153777574879904,-2.374120038578409
2005-06-01,Arhar (Tur/Red Gram)(Whole),3151632.5000000005,1613,1953.894916305022,7527.613774902563,25.95636512090198,2.8403194157530454
2005-07-01,Arhar (Tur/Red Gram)(Whole),2682819.9999999995,1286,2086.174183514774,7527.613774902563,27.713618762830023,3.980776831233168
2005-08-01,Arhar (Tur/Red Gram)(Whole),2544530.0,1191,2136.465155331654,7527.613774902563,28.38170526833795,-1.9960312571286498
2005-09-01,Arhar (Tur/Red Gram)(Whole),2400557.0,1156,2076.6064013840833,7527.613774902563,27.586516304909157,-8.16342344976675
2005-10-01,Arhar (Tur/Red Gram)(Whole),2018346.0,1014,1990.4792899408285,7527.613774902563,26.442367388417097,-13.032521298531108
2005-11-01,Arhar (Tur/Red Gram)(Whole),1781576.5,841,2118.4024970273485,7527.613774902563,28.141753288275858,-1.1979111270497
2005-12-01,Arhar (Tur/Red Gram)(Whole),2995834.5,1558,1922.871951219512,7527.613774902563,25.54424295293234,4.60793571111453
2006-01-01,Arhar (Tur/Red Gram)(Whole),6706552.5,3851,1741.5093482212412,7527.613774902563,23.134945552434154,2.6927469010503025
2006-02-01,Arhar (Tur/Red Gram)(Whole),7508835.0,4348,1726.9629714811408,7527.613774902563,22.941705341457883,3.6780580713269506
2006-03-01,Arhar (Tur/Red Gram)(Whole),8236721.0,4387,1877.5292910873034,7527.613774902563,24.941891909320308,12.97429872854645
2006-04-01,Arhar (Tur/Red Gram)(Whole),8150191.5,4266,1910.4996483825598,7527.613774902563,25.379884057711095,8.570393799044428
2006-05-01,Arhar (Tur/Red Gram)(Whole),14553300.5,8041,1809.8868921775897,7527.613774902563,24.04330171948835,-0.45738541331293847
2006-06-01,Arhar (Tur/Red Gram)(Whole),14353530.5,8274,1734.775259850133,7527.613774902563,23.045487078972617,-11.2145056843314
2006-07-01,Arhar (Tur/Red Gram)(Whole),11654000.0,6981,1669.3883397794011,7527.613774902563,22.176859622437387,-19.978477685558094
2006-08-01,Arhar (Tur/Red Gram)(Whole),9786826.0,5559,1760.5371469688794,7527.613774902563,23.387718865686193,-17.59579403505027
2006-09-01,Arhar (Tur/Red Gram)(Whole),11371449.0,6292,1807.2868722186904,7527.613774902563,24.008761956468522,-12.969214049705712
2006-10-01,Arhar (Tur/Red Gram)(Whole),7184927.0,3913,1836.1684129823664,7527.613774902563,24.392436539507948,-7.752448253960454
2006-11-01,Arhar (Tur/Red Gram)(Whole),9003096.0,5065,1777.5115498519249,7527.613774902563,23.613214001204955,-16.091887526274128
2006-12-01,Arhar (Tur/Red Gram)(Whole),12424694.5,7100,1749.9569718309858,7527.613774902563,23.247167351564038,-8.992537401092216
2007-01-01,Arhar (Tur/Red Gram)(Whole),16980509.0,8556,1984.6317204301076,7527.613774902563,26.36468580583887,13.96044026161496
2007-02-01,Arhar (Tur/Red Gram)(Whole),17174206.0,8242,2083.742538218879,7527.613774902563,27.68131575993152,20.659364018195724
2007-03-01,Arhar (Tur/Red Gram)(Whole),17587693.999999996,8475,2075.2441297935097,7527.613774902563,27.568419313866453,10.53058610828419
2007-04-01,Arhar (Tur/Red Gram)(Whole),18054080.0,8419,2144.444708397672,7527.613774902563,28.487709020717254,12.245229158412641
2007-05-01,Arhar (Tur/Red Gram)(Whole),15990558.0,7551,2117.6742153357172,7527.613774902563,28.132078486759617,17.0058871904315
2007-06-01,Arhar (Tur/Red Gram)(Whole),17355039.0,7951,2182.749213935354,7527.613774902563,28.996562246760693,25.823169401431368
2007-07-01,Arhar (Tur/Red Gram)(Whole),17965925.5,7903,2273.3045046184993,7527.613774902563,30.199536966120778,36.17589451468803
2007-08-01,Arhar (Tur/Red Gram)(Whole),15181628.0,6701,2265.5764811222207,7527.613774902563,30.0968746387569,28.68666162613316
2007-09-01,Arhar (Tur/Red Gram)(Whole),10377400.0,4678,2218.3411714407866,7527.613774902563,29.469380839341756,22.744275164101136
2007-10-01,Arhar (Tur/Red Gram)(Whole),9136767.5,3782,2415.8560285563194,7527.613774902563,32.09325160399306,31.570503635470182
2007-11-01,Arhar (Tur/Red Gram)(Whole),6993867.999999999,2764,2530.342981186686,7527.613774902563,33.61414462605633,42.35311052676285
2007-12-01,Arhar (Tur/Red Gram)(Whole),15849296.5,6964,2275.8897903503735,7527.613774902563,30.233880993447123,30.054042869928544
2008-01-01,Arhar (Tur/Red Gram)(Whole),19235980.0,8665,2219.9630698211195,7527.613774902563,29.49092682228977,11.857683567609767
2008-02-01,Arhar (Tur/Red Gram)(Whole),23173191.0,9431,2457.1297847524124,7527.613774902563,32.641549609580196,17.919068199888734
2008-03-01,Arhar (Tur/Red Gram)(Whole),19776529.0,7713,2564.0514715415534,7527.613774902563,34.06194244569544,23.55420910390338
2008-04-01,Arhar (Tur/Red Gram)(Whole),17759766.000000004,7195,2468.3482974287704,7527.613774902563,32.79058106910806,15.104310582720437
2008-05-01,Arhar (Tur/Red Gram)(Whole),17995490.5,7469,2409.3574106306064,7527.613774902563,32.006921219358034,13.77375203336686
2008-06-01,Arhar (Tur/Red Gram)(Whole),14541837.0,5744,2531.6568593314764,7527.613774902563,33.63159873813061,15.984779340136136
2008-07-01,Arhar (Tur/Red Gram)(Whole),19129996.999999996,7245,2640.4412698412693,7527.613774902563,35.07673678270571,16.149915881347443
2008-08-01,Arhar (Tur/Red Gram)(Whole),13518775.0,4916,2749.9542310821807,7527.613774902563,36.53155320283121,21.379889577597954
2008-09-01,Arhar (Tur/Red Gram)(Whole),11472028.0,3989,2875.9157683629983,7527.613774902563,38.20487945265529,29.642626904639968
2008-10-01,Arhar (Tur/Red Gram)(Whole),13114736.0,4445,2950.446794150731,7527.613774902563,39.194981070730094,22.128419875826587
2008-11-01,Arhar (Tur/Red Gram)(Whole),13371066.0,4862,2750.116412998766,7527.613774902563,36.53370769589416,8.685519451161937
2008-12-01,Arhar (Tur/Red Gram)(Whole),20553299.0,7743,2654.436135864652,7527.613774902563,35.262650492439896,16.632894401094944
2009-01-01,Arhar (Tur/Red Gram)(Whole),20801472.0,7308,2846.3973727422003,7527.613774902563,37.81274462077518,28.21823080919801
2009-02-01,Arhar (Tur/Red Gram)(Whole),21414392.0,7070,3028.909759547383,7527.613774902563,40.23731623487271,23.270239054653153
2009-03-01,Arhar (Tur/Red Gram)(Whole),14050865.000000002,4431,3171.037011961183,7527.613774902563,42.125394670666786,23.672907785064833
2009-04-01,Arhar (Tur/Red Gram)(Whole),11190255.0,3156,3545.708174904943,7527.613774902563,47.10268460805614,43.64699579060367
2009-05-01,Arhar (Tur/Red Gram)(Whole),10830452.0,2860,3786.8713286713287,7527.613774902563,50.306397776370325,57.17349829306488
2009-06-01,Arhar (Tur/Red Gram)(Whole),9986648.0,2372,4210.222596964587,7527.613774902563,55.93037478890957,66.30305096229992
2009-07-01,Arhar (Tur/Red Gram)(Whole),12499845.0,2359,5298.789741415854,7527.613774902563,70.39136039474131,100.67818973812632
2009-08-01,Arhar (Tur/Red Gram)(Whole),8985695.0,1697,5295.047142015321,7527.613774902563,70.34164212395261,92.55037346318224
2009-09-01,Arhar (Tur/Red Gram)(Whole),7820017.0,1549,5048.429309231762,7527.613774902563,67.06546669627865,75.54162624538134
2009-10-01,Arhar (Tur/Red Gram)(Whole),8653158.0,1532,5648.27545691906,7527.613774902563,75.03407621350992,91.43797028018885
2009-11-01,Arhar (Tur/Red Gram)(Whole),9379790.0,1559,6016.542655548428,7527.613774902563,79.9262931848055,118.77410814722214
2009-12-01,Arhar (Tur/Red Gram)(Whole),13571482.0,2474,5485.64349232013,7527.613774902563,72.8736045227179,106.65946406479448
2010-01-01,Arhar (Tur/Red Gram)(Whole),15648978.0,3327,4703.630297565374,7527.613774902563,62.48501103028838,65.24854690383333
2010-02-01,Arhar (Tur/Red Gram)(Whole),14876430.0,3628,4100.449283351709,7527.613774902563,54.472099737938336,35.37706993173835
2010-03-01,Arhar (Tur/Red Gram)(Whole),15085348.0,3638,4146.604727872457,7527.613774902563,55.08524815257449,30.764942579712027
2010-04-01,Arhar (Tur/Red Gram)(Whole),16891666.0,3819,4423.059963341188,7527.613774902563,58.757796236675816,24.74404957085241
2010-05-01,Arhar (Tur/Red Gram)(Whole),13880175.0,3114,4457.345857418111,7527.613774902563,59.21326453117352,17.705236607076014
2010-06-01,Arhar (Tur/Red Gram)(Whole),13001763.0,2954,4401.409275558564,7527.613774902563,58.4701793579405,4.541011174369158
2010-07-01,Arhar (Tur/Red Gram)(Whole),11836848.0,2714,4361.403095062638,7527.613774902563,57.938720363201575,-17.690580153171798
2010-08-01,Arhar (Tur/Red Gram)(Whole),9858231.0,2422,4070.2853014037987,7527.613774902563,54.07138866468324,-23.13032930138128
2010-09-01,Arhar (Tur/Red Gram)(Whole),8268941.0,2088,3960.220785440613,7527.613774902563,52.60924515872726,-21.555387965940355
2010-10-01,Arhar (Tur/Red Gram)(Whole),7955513.0,2061,3860.025715672004,7527.613774902563,51.27821154349763,-31.660101474981616
2010-11-01,Arhar (Tur/Red Gram)(Whole),5184425.0,1378,3762.2822931785195,7527.613774902563,49.97974664590464,-37.467703487334866
2010-12-01,Arhar (Tur/Red Gram)(Whole),8427308.0,2392,3523.1220735785955,7527.613774902563,46.80264130081778,-35.7755917147925
2011-01-01,Arhar (Tur/Red Gram)(Whole),9046404.0,2343,3861.0345710627403,7527.613774902563,51.29161360450799,-17.91373201543426
2011-02-01,Arhar (Tur/Red Gram)(Whole),10117139.0,2561,3950.4642717688403,7527.613774902563,52.47963551132078,-3.657770190984322
2011-03-01,Arhar (Tur/Red Gram)(Whole),9787618.06,2622,3732.882555301297,7527.613774902563,49.58918811359467,-9.977371843287141
2011-04-01,Arhar (Tur/Red Gram)(Whole),8310084.0,2358,3524.208651399491,7527.613774902563,46.817075859409485,-20.321933670162217
2011-05-01,Arhar (Tur/Red Gram)(Whole),7302614.0,2153,3391.8318625174174,7527.613774902563,45.05852669840677,-23.904673969317834
2011-06-01,Arhar (Tur/Red Gram)(Whole),7294299.0,2245,3249.1309576837416,7527.613774902563,43.16282762163629,-26.179758475848438
2011-07-01,Arhar (Tur/Red Gram)(Whole),6941272.0,2081,3335.546371936569,7527.613774902563,44.31080647438961,-23.521254531308944
2011-08-01,Arhar (Tur/Red Gram)(Whole),6268990.0,1845,3397.8265582655827,7527.613774902563,45.138162768048815,-16.521169729952145
2011-09-01,Arhar (Tur/Red Gram)(Whole),7322888.0,2113,3465.6355892096544,7527.613774902563,46.03896656818731,-12.488828856442957
2011-10-01,Arhar (Tur/Red Gram)(Whole),5219657.0,1473,3543.5553292600134,7527.613774902563,47.07408529744715,-8.198660053664819
2011-11-01,Arhar (Tur/Red Gram)(Whole),6383190.0,1808,3530.525442477876,7527.613774902563,46.90099077942631,-6.160006948996022
2011-12-01,Arhar (Tur/Red Gram)(Whole),7683794.0,2159,3558.959703566466,7527.613774902563,47.27872351039334,1.0172122691016527
2012-01-01,Arhar (Tur/Red Gram)(Whole),11769662.0,3276,3592.692918192918,7527.613774902563,47.72684977769628,-6.949993529738363
2012-02-01,Arhar (Tur/Red Gram)(Whole),11312915.0,3232,3500.2831064356437,7527.613774902563,46.49923881729641,-11.395652114874721
2012-03-01,Arhar (Tur/Red Gram)(Whole),9927516.0,2834,3503.0049400141143,7527.613774902563,46.5353968038757,-6.158179687724696
2012-04-01,Arhar (Tur/Red Gram)(Whole),8688324.0,2389,3636.8036835496023,7527.613774902563,48.3128358109297,3.1949025522481245
2012-05-01,Arhar (Tur/Red Gram)(Whole),11590626.0,3186,3637.9868173258005,7527.613774902563,48.328553059603415,7.257286468960977
2012-06-01,Arhar (Tur/Red Gram)(Whole),11187383.0,2942,3802.6454792658055,7527.613774902563,50.51594825366856,17.035771373667764
2012-07-01,Arhar (Tur/Red Gram)(Whole),11369844.0,2707,4200.164019209457,7527.613774902563,55.79675239467004,25.921319953675372
2012-08-01,Arhar (Tur/Red Gram)(Whole),9779725.0,2140,4569.964953271028,7527.613774902563,60.70934415508295,34.49671061502806
2012-09-01,Arhar (Tur/Red Gram)(Whole),9365322.0,2076,4511.2341040462425,7527.613774902563,59.92913875426128,30.170469107949096
2012-10-01,Arhar (Tur/Red Gram)(Whole),7966279.0,1797,4433.099053978854,7527.613774902563,58.89115975581831,25.10314195953587
2012-11-01,Arhar (Tur/Red Gram)(Whole),6528936.0,1455,4487.241237113402,7527.613774902563,59.61040737868469,27.098396831381066
2012-12-01,Arhar (Tur/Red Gram)(Whole),9378905.0,2221,4222.829806393516,7527.613774902563,56.097854282490424,18.653487482923193
2013-01-01,Arhar (Tur/Red Gram)(Whole),16444350.0,4214,3902.3137161841482,7527.613774902563,51.83998319885453,8.618070206427909
2013-02-01,Arhar (Tur/Red Gram)(Whole),17076697.0,4277,3992.681084872574,7527.613774902563,53.04046148308473,14.067375794020887
2013-03-01,Arhar (Tur/Red Gram)(Whole),18368596.0,4276,4295.742750233863,7527.613774902563,57.06646061672402,22.63022244600532
2013-04-01,Arhar (Tur/Red Gram)(Whole),16720970.0,3786,4416.526677231907,7527.613774902563,58.67100530525126,21.439787833729817
2013-05-01,Arhar (Tur/Red Gram)(Whole),14861874.000000002,3382,4394.403903015967,7527.613774902563,58.37711703099231,20.79218874812172
2013-06-01,Arhar (Tur/Red Gram)(Whole),12257341.0,2856,4291.786064425771,7527.613774902563,57.013898331697064,12.863165599502736
2013-07-01,Arhar (Tur/Red Gram)(Whole),10733752.0,2536,4232.552050473186,7527.613774902563,56.22700867816471,0.7711134878447989
2013-08-01,Arhar (Tur/Red Gram)(Whole),6657312.0,1459,4562.928032899246,7527.613774902563,60.61586273345046,-0.153981932984959
2013-09-01,Arhar (Tur/Red Gram)(Whole),6508716.0,1460,4458.024657534246,7527.613774902563,59.222281998546755,-1.1794875921928072
2013-10-01,Arhar (Tur/Red Gram)(Whole),6261447.0,1367,4580.429407461595,7527.613774902563,60.84835838327643,3.3234166818471467
2013-11-01,Arhar (Tur/Red Gram)(Whole),5140772.0,1098,4681.941712204008,7527.613774902563,62.19689070411441,4.3389794486702105
2013-12-01,Arhar (Tur/Red Gram)(Whole),5312048.0,1175,4520.8919148936175,7527.613774902563,60.057437191670154,7.058350020377913
2014-01-01,Arhar (Tur/Red Gram)(Whole),8392584.0,1973,4253.717181956412,7527.613774902563,56.50817522198755,9.005002963110842
2014-02-01,Arhar (Tur/Red Gram)(Whole),8448547.0,2060,4101.23640776699,7527.613774902563,54.4825562310425,2.7188578448128276
2014-03-01,Arhar (Tur/Red Gram)(Whole),8339924.0,2034,4100.257620452311,7527.613774902563,54.469553607051054,-4.550671237725079
2014-04-01,Arhar (Tur/Red Gram)(Whole),7797575.0,1860,4192.2446236559135,7527.613774902563,55.691547800088586,-5.078245190552422
2014-05-01,Arhar (Tur/Red Gram)(Whole),8560792.0,2024,4229.640316205534,7527.613774902563,56.18832797064276,-3.749395605109318
2014-06-01,Arhar (Tur/Red Gram)(Whole),7880869.0,1867,4221.140332083556,7527.613774902563,56.07541059235859,-1.646068356663699
2014-07-01,Arhar (Tur/Red Gram)(Whole),8747497.0,1947,4492.807909604519,7527.613774902563,59.684357406642775,6.14891101226358
2014-08-01,Arhar (Tur/Red Gram)(Whole),9600146.0,1984,4838.783266129032,7527.613774902563,64.28044013445238,6.045574929975617
2014-09-01,Arhar (Tur/Red Gram)(Whole),9641441.0,1968,4899.106199186992,7527.613774902563,65.08179544918809,9.894102781762326
2014-10-01,Arhar (Tur/Red Gram)(Whole),8484032.0,1622,5230.599260172627,7527.613774902563,69.48548924775741,14.194517475848322
2014-11-01,Arhar (Tur/Red Gram)(Whole),9667303.0,1849,5228.395348837209,7527.613774902563,69.45621155895296,11.671517293963918
2014-12-01,Arhar (Tur/Red Gram)(Whole),11188502.0,2124,5267.656308851224,7527.613774902563,69.97777073013297,16.518076698482155
2015-01-01,Arhar (Tur/Red Gram)(Whole),25709604.5,4866,5283.519214960954,7527.613774902563,70.1885002731738,24.209461723802363
2015-02-01,Arhar (Tur/Red Gram)(Whole),27526407.0,5059,5441.076694999012,7527.613774902563,72.28156036830465,32.66917958434708
2015-03-01,Arhar (Tur/Red Gram)(Whole),27607620.0,4915,5617.013224821973,7527.613774902563,74.61877552152548,36.99171478406631
2015-04-01,Arhar (Tur/Red Gram)(Whole),27381375.0,4571,5990.237366003063,7527.613774902563,79.57684261079933,42.888545487099485
2015-05-01,Arhar (Tur/Red Gram)(Whole),30348598.0,4620,6568.960606060606,7527.613774902563,87.26484650370674,55.30778304935646
2015-06-01,Arhar (Tur/Red Gram)(Whole),32078893.0,4688,6842.767278156996,7527.613774902563,90.90220995358611,62.10707865235565
2015-07-01,Arhar (Tur/Red Gram)(Whole),28836279.0,4102,7029.809605070697,7527.613774902563,93.38695920490011,56.468065105625634
2015-08-01,Arhar (Tur/Red Gram)(Whole),30022171.0,3698,8118.488642509465,7527.613774902563,107.84943124442579,67.7795469645855
2015-09-01,Arhar (Tur/Red Gram)(Whole),32988089.0,3674,8978.793957539467,7527.613774902563,119.278090322264,83.2741237377034
2015-10-01,Arhar (Tur/Red Gram)(Whole),37235833.0,3618,10291.827805417357,7527.613774902563,136.72098639984455,96.76192523067988
2015-11-01,Arhar (Tur/Red Gram)(Whole),34567863.0,3354,10306.45885509839,7527.613774902563,136.9153514419222,97.12470399528105
2015-12-01,Arhar (Tur/Red Gram)(Whole),69579317.0,7055,9862.412048192771,7527.613774902563,131.01644615554721,87.22580726500695
2016-01-01,Arhar (Tur/Red Gram)(Whole),64695353.0,7133,9069.865834852097,7527.613774902563,120.48792759654431,71.6633453166901
2016-02-01,Arhar (Tur/Red Gram)(Whole),57889842.0,6817,8491.982103564618,7527.613774902563,112.81107609262988,56.07172219001701
2016-03-01,Arhar (Tur/Red Gram)(Whole),53139855.0,6472,8210.731613102596,7527.613774902563,109.07482581635075,46.17611325568542
2016-04-01,Arhar (Tur/Red Gram)(Whole),53012284.0,6053,8758.018172806873,7527.613774902563,116.34521157297601,46.20486030340045
2016-05-01,Arhar (Tur/Red Gram)(Whole),59563829.0,6693,8899.421634543552,7527.613774902563,118.22367486778698,35.476861078034695
2016-06-01,Arhar (Tur/Red Gram)(Whole),58478889.0,6427,9098.940252061615,7527.613774902563,120.87416443173443,32.97164556664987
2016-07-01,Arhar (Tur/Red Gram)(Whole),43685313.0,4642,9410.881732012063,7527.613774902563,125.01812677197134,33.871075615246625
2016-08-01,Arhar (Tur/Red Gram)(Whole),33215266.0,4021,8260.449142004476,7527.613774902563,109.73529446403352,1.7486074778954475
2016-09-01,Arhar (Tur/Red Gram)(Whole),30212971.0,3906,7735.015616999488,7527.613774902563,102.75521364802765,-13.852398734415573
2016-10-01,Arhar (Tur/Red Gram)(Whole),28657725.0,3722,7699.5499731327245,7527.613774902563,102.28407305915994,-25.18773031667051
2016-11-01,Arhar (Tur/Red Gram)(Whole),25540138.1,3419,7470.06086575022,7527.613774902563,99.23544285249825,-27.520587131098516
2016-12-01,Arhar (Tur/Red Gram)(Whole),30482506.0,5057,6027.784457188056,7527.613774902563,80.07563402475546,-38.881234856815674
2017-01-01,Arhar (Tur/Red Gram)(Whole),34951653.6,6778,5156.632280908823,7527.613774902563,68.50288066188106,-43.14544035377219
2017-02-01,Arhar (Tur/Red Gram)(Whole),36068000.0,7486,4818.060379374833,7527.613774902563,64.00514855635242,-43.26341812057763
2017-03-01,Arhar (Tur/Red Gram)(Whole),40140157.5,8345,4810.084781306171,7527.613774902563,63.89919734382803,-41.4170988900637
2017-04-01,Arhar (Tur/Red Gram)(Whole),31214643.0,6587,4738.825413693639,7527.613774902563,62.95255781444471,-45.891578206500974
2017-05-01,Arhar (Tur/Red Gram)(Whole),29683999.0,6544,4536.0634168704155,7527.613774902563,60.25898183025643,-49.02968301598997
2017-06-01,Arhar (Tur/Red Gram)(Whole),23836382.0,5437,4384.105572926246,7527.613774902563,58.24030966550212,-51.817404538590004
2017-07-01,Arhar (Tur/Red Gram)(Whole),21331178.0,5211,4093.4903089618115,7527.613774902563,54.37965378364271,-56.50258471491156
2017-08-01,Arhar (Tur/Red Gram)(Whole),22014498.0,4973,4426.804343454655,7527.613774902563,58.80753816320704,-46.409641081811095
2017-09-01,Arhar (Tur/Red Gram)(Whole),20950516.0,4817,4349.2871081586045,7527.613774902563,57.77776647706532,-43.77145020108247
2017-10-01,Arhar (Tur/Red Gram)(Whole),16967103.0,3959,4285.704218236929,7527.613774902563,56.93310451880088,-44.338250505656504
2017-11-01,Arhar (Tur/Red Gram)(Whole),16501646.0,4071,4053.4625399164825,7527.613774902563,53.84790799749753,-45.737222055293216
2017-12-01,Arhar (Tur/Red Gram)(Whole),19664278.5,4885,4025.4408393039917,7527.613774902563,53.475655894103,-33.21856698934042
2018-01-01,Arhar (Tur/Red Gram)(Whole),40395226.5,9688,4169.614626341866,7527.613774902563,55.39092136001408,-19.14074149171252
2018-02-01,Arhar (Tur/Red Gram)(Whole),42051160.0,9979,4213.965327187093,7527.613774902563,55.98009479759259,-12.538137852604603
2018-03-01,Arhar (Tur/Red Gram)(Whole),35259548.0,8732,4037.9693082913423,7527.613774902563,53.64208936640894,-16.052013802658216
2018-04-01,Arhar (Tur/Red Gram)(Whole),29609988.0,7490,3953.2694259012014,7527.613774902563,52.51690036332094,-16.577018970195468
2018-05-01,Arhar (Tur/Red Gram)(Whole),31981625.5,8077,3959.5921134084438,7527.613774902563,52.60089361398854,-12.708625309733856
2018-06-01,Arhar (Tur/Red Gram)(Whole),25373514.0,6758,3754.5892275821247,7527.613774902563,49.87754871404417,-14.359059901104064
2018-07-01,Arhar (Tur/Red Gram)(Whole),24573753.5,6369,3858.337808133145,7527.613774902563,51.25578866701469,-5.744547637351216
2018-08-01,Arhar (Tur/Red Gram)(Whole),20009692.0,5119,3908.9064270365307,7527.613774902563,51.927563553659176,-11.699137261032844
2018-09-01,Arhar (Tur/Red Gram)(Whole),17572322.0,4582,3835.0768223483196,7527.613774902563,50.946779909652854,-11.822863679100514
2018-10-01,Arhar (Tur/Red Gram)(Whole),16801574.0,4419,3802.1212944105,7527.613774902563,50.50898476070811,-11.283628062073003
2018-11-01,Arhar (Tur/Red Gram)(Whole),15188523.0,3617,4199.204589438761,7527.613774902563,55.78400692446678,3.5954951621504527
2018-12-01,Arhar (Tur/Red Gram)(Whole),26212396.0,6034,4344.116009280742,7527.613774902563,57.70907141602084,7.91652846727342
2019-01-01,Arhar (Tur/Red Gram)(Whole),19466030.0,4075,4776.939877300613,7527.613774902563,63.45888644323341,14.565500780861672
2019-02-01,Arhar (Tur/Red Gram)(Whole),20508359.6,4122,4975.3419699175165,7527.613774902563,66.09454361892945,18.06793800172668
2019-03-01,Arhar (Tur/Red Gram)(Whole),17413170.5,3659,4758.9971303634875,7527.613774902563,63.220527416406775,17.856198673715195
2019-04-01,Arhar (Tur/Red Gram)(Whole),15951805.0,3280,4863.355182926829,7527.613774902563,64.60686385294495,23.02109112682502
2019-05-01,Arhar (Tur/Red Gram)(Whole),18442375.0,3496,5275.278890160183,7527.613774902563,70.07903231895644,33.227836076761655
2019-06-01,Arhar (Tur/Red Gram)(Whole),15292498.0,2899,5275.094170403588,7527.613774902563,70.07657842370995,40.49723819722977
2019-07-01,Arhar (Tur/Red Gram)(Whole),14304179.5,2715,5268.574401473296,7527.613774902563,69.98996706019886,36.55036607648654
2019-08-01,Arhar (Tur/Red Gram)(Whole),12188656.0,2285,5334.203938730853,7527.613774902563,70.86181754589154,36.462819929278446
2019-09-01,Arhar (Tur/Red Gram)(Whole),11462302.0,2215,5174.854176072235,7527.613774902563,68.74494801161896,34.93482440603452
2019-10-01,Arhar (Tur/Red Gram)(Whole),9246073.0,1806,5119.641749723145,7527.613774902563,68.01148282596915,34.65224681941452
2019-11-01,Arhar (Tur/Red Gram)(Whole),9624624.0,1871,5144.1068947087115,7527.613774902563,68.33648814262254,22.501935429543817
2019-12-01,Arhar (Tur/Red Gram)(Whole),10808068.0,2181,4955.556166895919,7527.613774902563,65.83170065682685,14.075134188610527
2020-01-01,Arhar (Tur/Red Gram)(Whole),20524839.0,4280,4795.523130841121,7527.613774902563,63.70575423024004,0.38902004249232736
2020-02-01,Arhar (Tur/Red Gram)(Whole),23552973.0,5000,4710.5946,7527.613774902563,62.577527764580005,-5.3211894080499755
2020-03-01,Arhar (Tur/Red Gram)(Whole),16045503.0,3347,4793.995518374664,7527.613774902563,63.68546078118517,0.7354151946820542
2020-04-01,Arhar (Tur/Red Gram)(Whole),6450162.0,1206,5348.393034825871,7527.613774902563,71.05031148991303,9.97331746613539
2020-05-01,Arhar (Tur/Red Gram)(Whole),15477716.13,3144,4922.93770038168,7527.613774902563,65.39838317416068,-6.67910070945662
2020-06-01,Arhar (Tur/Red Gram)(Whole),19173774.0,3815,5025.890956749672,7527.613774902563,66.76605770484986,-4.7241472019986634
2020-07-01,Arhar (Tur/Red Gram)(Whole),14700559.0,2825,5203.737699115044,7527.613774902563,69.12864892809144,-1.230630857943682
2020-08-01,Arhar (Tur/Red Gram)(Whole),11778602.0,2195,5366.10569476082,7527.613774902563,71.28561394384609,0.5980602990885542
2020-09-01,Arhar (Tur/Red Gram)(Whole),13227455.0,2322,5696.578380706288,7527.613774902563,75.67575264951773,10.081911236193463
2020-10-01,Arhar (Tur/Red Gram)(Whole),11708614.5,1841,6359.920966865834,7527.613774902563,84.4878756674542,24.225898564284478
2020-11-01,Arhar (Tur/Red Gram)(Whole),9380373.8,1698,5524.366195524147,7527.613774902563,73.38801326314929,7.3921345065082855
2020-12-01,Arhar (Tur/Red Gram)(Whole),14988891.4,2848,5262.9534410112365,7527.613774902563,69.91529584791111,6.203083241570151
2021-01-01,Arhar (Tur/Red Gram)(Whole),18756497.0,3461,5419.386593470095,7527.613774902563,71.99341990072071,13.00928898907323
2021-02-01,Arhar (Tur/Red Gram)(Whole),23944248.0,3942,6074.13698630137,7527.613774902563,80.69140059434032,28.94629026877775
2021-03-01,Arhar (Tur/Red Gram)(Whole),20547464.5,3399,6045.149897028537,7527.613774902563,80.30632386033628,26.098363543695147
2021-04-01,Arhar (Tur/Red Gram)(Whole),14005678.0,2259,6199.9459938025675,7527.613774902563,82.3627005741646,15.921660084287726
2021-05-01,Arhar (Tur/Red Gram)(Whole),9937666.0,1580,6289.662025316456,7527.613774902563,83.55452622033425,27.762372959316785
2021-06-01,Arhar (Tur/Red Gram)(Whole),18010016.0,3057,5891.4020281321555,7527.613774902563,78.26387224825989,17.221047548198776
2021-07-01,Arhar (Tur/Red Gram)(Whole),13034305.0,2289,5694.322848405417,7527.613774902563,75.64578920601069,9.42755337906065
2021-08-01,Arhar (Tur/Red Gram)(Whole),14537527.0,2448,5938.53227124183,7527.613774902563,78.88997029897031,10.667448780218702
2021-09-01,Arhar (Tur/Red Gram)(Whole),13580510.0,2283,5948.537012702584,7527.613774902563,79.02287750914242,4.422981922791647
2021-10-01,Arhar (Tur/Red Gram)(Whole),10724799.5,1833,5850.9544462629565,7527.613774902563,77.72654949129203,-8.002717694991969
2021-11-01,Arhar (Tur/Red Gram)(Whole),9485293.5,1652,5741.70308716707,7527.613774902563,76.27520830452531,3.9341507052702562
2021-12-01,Arhar (Tur/Red Gram)(Whole),16745487.0,3043,5502.953335524154,7527.613774902563,73.10355578910375,4.560175141256861
2022-01-01,Arhar (Tur/Red Gram)(Whole),33533917.0,5873,5709.844542823089,7527.613774902563,75.851985948854,5.359609327427783
2022-02-01,Arhar (Tur/Red Gram)(Whole),38064546.0,6623,5747.326891136947,7527.613774902563,76.3499172911716,-5.3803543762917965
2022-03-01,Arhar (Tur/Red Gram)(Whole),35651275.0,6190,5759.4951534733445,7527.613774902563,76.51156562622522,-4.725354183452179
2022-04-01,Arhar (Tur/Red Gram)(Whole),28830311.0,5128,5622.135530421217,7527.613774902563,74.68682239205332,-9.319604782992085
2022-05-01,Arhar (Tur/Red Gram)(Whole),25210542.5,4582,5502.082605848974,7527.613774902563,73.09198864842388,-12.521808267239221
2022-06-01,Arhar (Tur/Red Gram)(Whole),26523677.0,4769,5561.685258964143,7527.613774902563,73.88377546025379,-5.596575612962318
2022-07-01,Arhar (Tur/Red Gram)(Whole),25824645.0,4244,6084.977615457116,7527.613774902563,80.83541208961508,6.860425329784281
2022-08-01,Arhar (Tur/Red Gram)(Whole),23397827.0,3523,6641.44961680386,7527.613774902563,88.22782113166834,11.836550067531082
2022-09-01,Arhar (Tur/Red Gram)(Whole),21769332.0,3408,6387.7147887323945,7527.613774902563,84.8571005333636,7.382954415379528
2022-10-01,Arhar (Tur/Red Gram)(Whole),17752331.0,2712,6545.844764011799,7527.613774902563,86.95776589702264,11.876529276222158
2022-11-01,Arhar (Tur/Red Gram)(Whole),16431597.5,2529,6497.270660340056,7527.613774902563,86.31248699292036,13.15929370959128
2022-12-01,Arhar (Tur/Red Gram)(Whole),23641478.0,3670,6441.819618528611,7527.613774902563,85.57585193871073,17.06113473548163
2023-01-01,Arhar (Tur/Red Gram)(Whole),29889170.0,4555,6561.837541163556,7527.613774902563,87.17022070182514,14.921474515648004
2023-02-01,Arhar (Tur/Red Gram)(Whole),37839761.0,5465,6924.018481244282,7527.613774902563,91.98158524457382,20.473719563819003
2023-03-01,Arhar (Tur/Red Gram)(Whole),32076151.0,4432,7237.39869133574,7527.613774902563,96.14466028352287,25.660296579486253
2023-04-01,Arhar (Tur/Red Gram)(Whole),28390123.0,3849,7375.973759418031,7527.613774902563,97.98555000270993,31.19523212321802
2023-05-01,Arhar (Tur/Red Gram)(Whole),33305547.0,4213,7905.422976501305,7527.613774902563,105.018976967952,43.68055776002831
2023-06-01,Arhar (Tur/Red Gram)(Whole),32023454.0,3767,8501.049641624635,7527.613774902563,112.93153309708258,52.85024674711536
2023-07-01,Arhar (Tur/Red Gram)(Whole),28784755.5,3327,8651.86519386835,7527.613774902563,114.93503057654335,42.18401020721592
2023-08-01,Arhar (Tur/Red Gram)(Whole),24987822.999999996,2746,9099.717042971593,7527.613774902563,120.88448365019072,37.01401904710606
2023-09-01,Arhar (Tur/Red Gram)(Whole),20209331.0,2075,9739.436626506023,7527.613774902563,129.38278872619352,52.47137589307989
2023-10-01,Arhar (Tur/Red Gram)(Whole),20248398.5,2108,9605.502134724858,7527.613774902563,127.60354638212283,46.74197878224453
2023-11-01,Arhar (Tur/Red Gram)(Whole),14511485.0,1549,9368.292446739832,7527.613774902563,124.45235272264078,44.18812046610219
2023-12-01,Arhar (Tur/Red Gram)(Whole),19661745.5,2327,8449.396433175763,7527.613774902563,112.24535006493652,31.16474743988109
2024-01-01,Arhar (Tur/Red Gram)(Whole),26968693.5,3131,8613.444107313957,7527.613774902563,114.42462863904636,31.265732400113766
2024-02-01,Arhar (Tur/Red Gram)(Whole),41160232.0,4508,9130.486246672583,7527.613774902563,121.29323474477498,31.866867071559103
2024-03-01,Arhar (Tur/Red Gram)(Whole),36056604.0,3938,9156.070086338243,7527.613774902563,121.63310127393935,26.510511260066984
2024-04-01,Arhar (Tur/Red Gram)(Whole),31281253.999999996,3190,9806.035736677115,7527.613774902563,130.26751942788195,32.94564292824729
2024-05-01,Arhar (Tur/Red Gram)(Whole),32967958.0,3192,10328.307644110275,7527.613774902563,137.20559998103735,30.64838750324863
2024-06-01,Arhar (Tur/Red Gram)(Whole),22805574.0,2212,10309.933996383363,7527.613774902563,136.9615166861668,21.278364802173222
2024-07-01,Arhar (Tur/Red Gram)(Whole),28641698.5,2864,10000.593051675978,7527.613774902563,132.85210095420211,15.588868152539902
2024-08-01,Arhar (Tur/Red Gram)(Whole),17628815.0,1839,9586.087547580206,7527.613774902563,127.34563480847937,5.3448970150591135
2024-09-01,Arhar (Tur/Red Gram)(Whole),18309962.0,1959,9346.586013272077,7527.613774902563,124.163995294685,-4.0336071612684155
2024-10-01,Arhar (Tur/Red Gram)(Whole),11689742.0,1311,8916.660564454614,7527.613774902563,118.45268409204525,-7.171322858593854
2024-11-01,Arhar (Tur/Red Gram)(Whole),14795395.0,1658,8923.639927623643,7527.613774902563,118.54540089949221,-4.746356090441317
2024-12-01,Arhar (Tur/Red Gram)(Whole),30252798.0,3960,7639.595454545454,7527.613774902563,101.48761191781975,-9.584128109443435
2025-01-01,Arhar (Tur/Red Gram)(Whole),31425632.0,4466,7036.639498432602,7527.613774902563,93.47769039231403,-18.30631962355732
2025-02-01,Arhar (Tur/Red Gram)(Whole),31695959.0,4596,6896.4227589208,7527.613774902563,91.61499201664431,-24.468176473798874
2025-03-01,Arhar (Tur/Red Gram)(Whole),32644229.0,4742,6884.063475326866,7527.613774902563,91.45080607454481,-24.8142116605402
2025-04-01,Arhar (Tur/Red Gram)(Whole),28913392.0,4231,6833.7017253604345,7527.613774902563,90.78177932221143,-30.31127043724081
2025-05-01,Arhar (Tur/Red Gram)(Whole),27119023.0,4103,6609.559590543505,7527.613774902563,87.80418055692634,-36.005395866450485
2025-06-01,Arhar (Tur/Red Gram)(Whole),22599919.0,3646,6198.551563357104,7527.613774902563,82.34417637131413,-39.877873461348024
2025-07-01,Arhar (Tur/Red Gram)(Whole),18452812.0,3009,6132.539714190761,7527.613774902563,81.4672470927899,-38.678239555372954
2025-08-01,Arhar (Tur/Red Gram)(Whole),11757195.0,1941,6057.287480680062,7527.613774902563,80.46756464678566,-36.81168202757454
2025-09-01,Arhar (Tur/Red Gram)(Whole),11702919.0,1963,5961.751910341314,7527.613774902563,79.19842978950501,-36.21465739601953
2025-10-01,Arhar (Tur/Red Gram)(Whole),8630202.0,1359,6350.406181015453,7527.613774902563,84.36147723449922,-28.78044268803145
2025-11-01,Arhar (Tur/Red Gram)(Whole),1494735.0,222,6733.040540540541,7527.613774902563,89.44455363781856,-24.548271835823122
2001-01-01,Bengal Gram(Gram)(Whole),2800.0,2,1400.0,4301.50405437127,32.546755327994944,
2001-06-01,Bengal Gram(Gram)(Whole),20748.000000000004,11,1886.1818181818185,4301.50405437127,43.84935581462592,
2001-07-01,Bengal Gram(Gram)(Whole),18900.0,10,1890.0,4301.50405437127,43.93811969279318,
2001-08-01,Bengal Gram(Gram)(Whole),16600.0,8,2075.0,4301.50405437127,48.238940932563935,
2001-09-01,Bengal Gram(Gram)(Whole),18895.0,9,2099.4444444444443,4301.50405437127,48.80721761289401,
2001-10-01,Bengal Gram(Gram)(Whole),11890.0,4,2972.5,4301.50405437127,69.1037358660464,
2001-11-01,Bengal Gram(Gram)(Whole),13500.0,5,2700.0,4301.50405437127,62.76874241827596,
2001-12-01,Bengal Gram(Gram)(Whole),14053.0,4,3513.25,4301.50405437127,81.67492011148445,
2002-01-01,Bengal Gram(Gram)(Whole),68883.0,37,1861.7027027027027,4301.50405437127,43.280273113094125,
2002-02-01,Bengal Gram(Gram)(Whole),99639.0,59,1688.7966101694915,4301.50405437127,39.260607192809786,
2002-03-01,Bengal Gram(Gram)(Whole),106600.0,68,1567.6470588235295,4301.50405437127,36.44416090298594,
2002-04-01,Bengal Gram(Gram)(Whole),371088.0,230,1613.4260869565217,4301.50405437127,37.50841720855586,
2002-05-01,Bengal Gram(Gram)(Whole),334783.0,209,1601.8325358851675,4301.50405437127,37.23889401562588,14.416609706083406
2002-06-01,Bengal Gram(Gram)(Whole),355614.0,217,1638.774193548387,4301.50405437127,38.097701939465416,-13.116849194947688
2002-07-01,Bengal Gram(Gram)(Whole),419034.0,257,1630.4824902723735,4301.50405437127,37.90493905533917,-13.731085170773893
2002-08-01,Bengal Gram(Gram)(Whole),457971.0,257,1781.988326848249,4301.50405437127,41.427098622337894,-14.121044489240997
2002-09-01,Bengal Gram(Gram)(Whole),464667.0,248,1873.657258064516,4301.50405437127,43.55818881910549,-10.754615916482436
2002-10-01,Bengal Gram(Gram)(Whole),492806.0,265,1859.645283018868,4301.50405437127,43.232442873767866,-37.43834203468904
2002-11-01,Bengal Gram(Gram)(Whole),540693.0,294,1839.091836734694,4301.50405437127,42.7546228827978,-31.885487528344658
2002-12-01,Bengal Gram(Gram)(Whole),451633.0,262,1723.7900763358778,4301.50405437127,40.07412417952111,-50.93460253793843
2003-01-01,Bengal Gram(Gram)(Whole),545566.0,339,1609.339233038348,4301.50405437127,37.4134073267444,-13.555519326366616
2003-02-01,Bengal Gram(Gram)(Whole),491753.0,301,1633.7308970099668,4301.50405437127,37.9804569834065,-3.2606480157488127
2003-03-01,Bengal Gram(Gram)(Whole),588797.0,360,1635.5472222222222,4301.50405437127,38.0226823350346,4.331342505732727
2003-04-01,Bengal Gram(Gram)(Whole),622178.0,373,1668.0375335120643,4301.50405437127,38.77800677223523,3.3848124185569928
2003-05-01,Bengal Gram(Gram)(Whole),830525.0,499,1664.37875751503,4301.50405437127,38.69294870996708,3.904666700710968
2003-06-01,Bengal Gram(Gram)(Whole),890573.0,555,1604.636036036036,4301.50405437127,37.304068896677535,-2.083152007564415
2003-07-01,Bengal Gram(Gram)(Whole),999998.0,637,1569.85557299843,4301.50405437127,36.49550373904943,-3.718342124840346
2003-08-01,Bengal Gram(Gram)(Whole),865734.0,558,1551.494623655914,4301.50405437127,36.06865422059188,-12.934635974860875
2003-09-01,Bengal Gram(Gram)(Whole),827037.0,515,1605.897087378641,4301.50405437127,37.33338541775168,-14.290776476508338
2003-10-01,Bengal Gram(Gram)(Whole),800890.5,489,1637.8128834355828,4301.50405437127,38.07535370729701,-11.92874800419853
2003-11-01,Bengal Gram(Gram)(Whole),796237.7789258312,504,1579.8368629480779,4301.50405437127,36.72754559751298,-14.096901993046917
2003-12-01,Bengal Gram(Gram)(Whole),763024.0,481,1586.3284823284823,4301.50405437127,36.878460702981904,-7.974381329517033
2004-01-01,Bengal Gram(Gram)(Whole),848978.0,540,1572.1814814814816,4301.50405437127,36.54957572070171,-2.3088824776063333
2004-02-01,Bengal Gram(Gram)(Whole),907115.0,587,1545.3407155025554,4301.50405437127,35.92559011846451,-5.410326857941039
2004-03-01,Bengal Gram(Gram)(Whole),932054.0,604,1543.135761589404,4301.50405437127,35.874330050235336,-5.650186028090253
2004-04-01,Bengal Gram(Gram)(Whole),914479.0,606,1509.0412541254125,4301.50405437127,35.08171176990746,-9.531936553722753
2004-05-01,Bengal Gram(Gram)(Whole),867042.0,577,1502.6724436741767,4301.50405437127,34.933651687416926,-9.715716035831035
2004-06-01,Bengal Gram(Gram)(Whole),1013151.0,659,1537.4066767830045,4301.50405437127,35.74114210634447,-4.189695217060541
2004-07-01,Bengal Gram(Gram)(Whole),847864.0,550,1541.570909090909,4301.50405437127,35.83795085638326,-1.8017366943824498
2004-08-01,Bengal Gram(Gram)(Whole),1028360.0,638,1611.8495297805644,4301.50405437127,37.47176590807981,3.8901137783146966
2004-09-01,Bengal Gram(Gram)(Whole),1081528.0,668,1619.0538922155688,4301.50405437127,37.63925063769859,0.8192806961499821
2004-10-01,Bengal Gram(Gram)(Whole),1107127.0,687,1611.5385735080058,4301.50405437127,37.46453689542219,-1.6042314841523297
2004-11-01,Bengal Gram(Gram)(Whole),880877.0,539,1634.2801484230056,4301.50405437127,37.99322580580202,3.446133379451166
2004-12-01,Bengal Gram(Gram)(Whole),1067516.0,657,1624.8340943683409,4301.50405437127,37.77362694142188,2.4273416551998217
2005-01-01,Bengal Gram(Gram)(Whole),2097215.0,1306,1605.8307810107196,4301.50405437127,37.33184394837066,2.1402935936842393
2005-02-01,Bengal Gram(Gram)(Whole),2481900.0,1567,1583.854499042757,4301.50405437127,36.82094632534901,2.4922519127231313
2005-03-01,Bengal Gram(Gram)(Whole),2925296.0,1867,1566.8430637386182,4301.50405437127,36.42546988061914,1.5363069627001735
2005-04-01,Bengal Gram(Gram)(Whole),2871170.0,1791,1603.1099944165271,4301.50405437127,37.268591965812895,6.233675854384368
2005-05-01,Bengal Gram(Gram)(Whole),3053474.0,1923,1587.869994799792,4301.50405437127,36.91429729529531,5.669735376080975
2005-06-01,Bengal Gram(Gram)(Whole),3264971.0,1907,1712.0980597797588,4301.50405437127,39.8023118922762,11.362730865869075
2005-07-01,Bengal Gram(Gram)(Whole),3013324.0,1651,1825.1508176862508,4301.50405437127,42.430526499945934,18.395515050460666
2005-08-01,Bengal Gram(Gram)(Whole),2716178.0,1470,1847.7401360544218,4301.50405437127,42.95567579848526,14.634778365817525
2005-09-01,Bengal Gram(Gram)(Whole),2729173.0,1481,1842.7906819716409,4301.50405437127,42.84061246202853,13.81898347126067
2005-10-01,Bengal Gram(Gram)(Whole),3134721.0,1649,1900.9830200121285,4301.50405437127,44.1934494535769,17.960751995781155
2005-11-01,Bengal Gram(Gram)(Whole),3231389.0,1570,2058.2095541401272,4301.50405437127,47.84860198024306,25.93982470668761
2005-12-01,Bengal Gram(Gram)(Whole),3491617.4999999995,1755,1989.5256410256407,4301.50405437127,46.25186018373845,22.444848241510783
2006-01-01,Bengal Gram(Gram)(Whole),3732478.0,1920,1943.9989583333333,4301.50405437127,45.19347032482289,21.058767917611387
2006-02-01,Bengal Gram(Gram)(Whole),4574613.0,2537,1803.1584548679543,4301.50405437127,41.91925503442338,13.846218573596204
2006-03-01,Bengal Gram(Gram)(Whole),5567894.0,3010,1849.7986710963455,4301.50405437127,43.00353196730211,18.058962885700346
2006-04-01,Bengal Gram(Gram)(Whole),5166145.999999999,2574,2007.0497280497277,4301.50405437127,46.65925459282378,25.19725627312428
2006-05-01,Bengal Gram(Gram)(Whole),6255870.5,2858,2188.8980055983207,4301.50405437127,50.88680559010332,37.85121028590943
2006-06-01,Bengal Gram(Gram)(Whole),5904738.0,2639,2237.4907161803712,4301.50405437127,52.01647349155909,30.68706569693782
2006-07-01,Bengal Gram(Gram)(Whole),4987666.0,2235,2231.6178970917226,4301.50405437127,51.87994405872779,22.270328318442843
2006-08-01,Bengal Gram(Gram)(Whole),4988660.5,2078,2400.7028392685274,4301.50405437127,55.8107770892111,29.926432425442485
2006-09-01,Bengal Gram(Gram)(Whole),6120183.0,2156,2838.674860853432,4301.50405437127,65.99261153709054,54.042175740560694
2006-10-01,Bengal Gram(Gram)(Whole),5174893.0,1746,2963.856242840779,4301.50405437127,68.90278854506371,55.911768366130346
2006-11-01,Bengal Gram(Gram)(Whole),4684410.0,1655,2830.4592145015104,4301.50405437127,65.80161680017815,37.520458439617485
2006-12-01,Bengal Gram(Gram)(Whole),3620078.5,1344,2693.510788690476,4301.50405437127,62.61788329487402,35.384572741767585
2007-01-01,Bengal Gram(Gram)(Whole),7166336.0,2891,2478.8433068142513,4301.50405437127,57.62736185951524,27.512584108556347
2007-02-01,Bengal Gram(Gram)(Whole),8871423.5,3899,2275.3073865093615,4301.50405437127,52.89562343192844,26.18455024663835
2007-03-01,Bengal Gram(Gram)(Whole),9574409.0,4369,2191.4417486839093,4301.50405437127,50.94594172140613,18.469203320655293
2007-04-01,Bengal Gram(Gram)(Whole),10942351.0,4741,2308.0259438936932,4301.50405437127,53.65625406183759,14.995952100121968
2007-05-01,Bengal Gram(Gram)(Whole),10601559.5,4739,2237.0878877400296,4301.50405437127,52.00710866392554,2.201559050191393
2007-06-01,Bengal Gram(Gram)(Whole),10237282.0,4638,2207.2621819749893,4301.50405437127,51.31373012962588,-1.3510015477063209
2007-07-01,Bengal Gram(Gram)(Whole),9510762.0,4060,2342.5522167487684,4301.50405437127,54.45890988683882,4.971026617129071
2007-08-01,Bengal Gram(Gram)(Whole),8542708.0,3752,2276.8411513859273,4301.50405437127,52.93127991062005,-5.159392735184998
2007-09-01,Bengal Gram(Gram)(Whole),6765138.0,2953,2290.937351845581,4301.50405437127,53.258983901630565,-19.295535271101006
2007-10-01,Bengal Gram(Gram)(Whole),7958628.0,3442,2312.2103428239398,4301.50405437127,53.7535316391072,-21.98642061641469
2007-11-01,Bengal Gram(Gram)(Whole),6969359.0,3129,2227.343879833813,4301.50405437127,51.78058306304148,-21.308038341542257
2007-12-01,Bengal Gram(Gram)(Whole),5828578.5,2781,2095.857065803668,4301.50405437127,48.7238193736867,-22.188651532276726
2008-01-01,Bengal Gram(Gram)(Whole),4318924.0,2077,2079.404910929225,4301.50405437127,48.34134490274615,-16.113902592672325
2008-02-01,Bengal Gram(Gram)(Whole),6989074.0,2959,2361.971612031092,4301.50405437127,54.9103658203184,3.8089018668675534
2008-03-01,Bengal Gram(Gram)(Whole),7251087.0,2852,2542.4568723702664,4301.50405437127,59.106229826438806,16.017542966732414
2008-04-01,Bengal Gram(Gram)(Whole),6236475.0,2583,2414.430894308943,4301.50405437127,56.12992255244657,4.610214659707945
2008-05-01,Bengal Gram(Gram)(Whole),6835487.0,2963,2306.9480256496795,4301.50405437127,53.631194960872236,3.122815973950166
2008-06-01,Bengal Gram(Gram)(Whole),6593450.5,2866,2300.5758897418004,4301.50405437127,53.4830575692219,4.227576974263969
2008-07-01,Bengal Gram(Gram)(Whole),6550267.0,2681,2443.2178291682208,4301.50405437127,56.79915207066645,4.2972622637700075
2008-08-01,Bengal Gram(Gram)(Whole),5097108.0,2069,2463.561140647656,4301.50405437127,57.272086914439576,8.200835141620288
2008-09-01,Bengal Gram(Gram)(Whole),5143967.5,2123,2422.9710315591146,4301.50405437127,56.32846095069573,5.76330381130532
2008-10-01,Bengal Gram(Gram)(Whole),4845364.0,2048,2365.900390625,4301.50405437127,55.00170081719967,2.322022646758315
2008-11-01,Bengal Gram(Gram)(Whole),4765013.0,2096,2273.384064885496,4301.50405437127,52.85091066170773,2.067044315362665
2008-12-01,Bengal Gram(Gram)(Whole),4459066.0,2027,2199.83522446966,4301.50405437127,51.141070580513464,4.961128330863573
2009-01-01,Bengal Gram(Gram)(Whole),4700719.0,2092,2246.9976099426385,4301.50405437127,52.23748673813749,8.059647167925622
2009-02-01,Bengal Gram(Gram)(Whole),6455248.0,2849,2265.794313794314,4301.50405437127,52.67446653901838,-4.07190745845053
2009-03-01,Bengal Gram(Gram)(Whole),6733526.5,3066,2196.1925962165687,4301.50405437127,51.05638791586762,-13.61927826256043
2009-04-01,Bengal Gram(Gram)(Whole),6487934.3,2957,2194.093439296584,4301.50405437127,51.00758738253204,-9.125854690300594
2009-05-01,Bengal Gram(Gram)(Whole),6855748.0,3152,2175.046954314721,4301.50405437127,50.56480074927273,-5.717557130391482
2009-06-01,Bengal Gram(Gram)(Whole),6052293.5,2819,2146.9647037956724,4301.50405437127,49.91195350877064,-6.677075363219953
2009-07-01,Bengal Gram(Gram)(Whole),6986666.0,2999,2329.6652217405804,4301.50405437127,54.15931712009269,-4.647666125877059
2009-08-01,Bengal Gram(Gram)(Whole),5399674.0,2251,2398.788982674367,4301.50405437127,55.76628435899467,-2.6292084618716127
2009-09-01,Bengal Gram(Gram)(Whole),5132533.0,2224,2307.793615107914,4301.50405437127,53.650852956018724,-4.753561431441755
2009-10-01,Bengal Gram(Gram)(Whole),5884838.5,2517,2338.0367500993248,4301.50405437127,54.35393575238799,-1.1777182435949607
2009-11-01,Bengal Gram(Gram)(Whole),6248901.0,2574,2427.700466200466,4301.50405437127,56.43840934506131,6.7879600151390385
2009-12-01,Bengal Gram(Gram)(Whole),6438852.0,2671,2410.6521901909396,4301.50405437127,56.04207643931403,9.58330712120059
2010-01-01,Bengal Gram(Gram)(Whole),8458655.0,3551,2382.048718670797,4301.50405437127,55.37711201853021,6.010291605588569
2010-02-01,Bengal Gram(Gram)(Whole),9107863.0,4093,2225.2291717566577,4301.50405437127,51.73142100134341,-1.790327647602108
2010-03-01,Bengal Gram(Gram)(Whole),10206560.000000002,4723,2161.0332415837397,4301.50405437127,50.2390144067784,-1.6009231017989567
2010-04-01,Bengal Gram(Gram)(Whole),11738341.5,5410,2169.748890942699,4301.50405437127,50.44163305478601,-1.1095492980321642
2010-05-01,Bengal Gram(Gram)(Whole),10696567.0,5052,2117.2935471100554,4301.50405437127,49.222167882381086,-2.655271744368437
2010-06-01,Bengal Gram(Gram)(Whole),9605492.5,4513,2128.405162862841,4301.50405437127,49.48048719609865,-0.8644548697060439
2010-07-01,Bengal Gram(Gram)(Whole),10240639.5,4581,2235.4593975114603,4301.50405437127,51.9692500403375,-4.0437494344674585
2010-08-01,Bengal Gram(Gram)(Whole),10432747.0,4587,2274.416176149989,4301.50405437127,52.87490485656253,-5.18481648126119
2010-09-01,Bengal Gram(Gram)(Whole),8689552.0,3893,2232.0965836116106,4301.50405437127,51.891072410900364,-3.2800607039015217
2010-10-01,Bengal Gram(Gram)(Whole),9468743.0,4134,2290.4554910498305,4301.50405437127,53.24778175490096,-2.0350945744318616
2010-11-01,Bengal Gram(Gram)(Whole),8373421.000000001,3505,2388.9931526390874,4301.50405437127,55.53855401371404,-1.594402361423053
2010-12-01,Bengal Gram(Gram)(Whole),8885928.5,3650,2434.5009589041097,4301.50405437127,56.59650503944367,0.9893077404617756
2011-01-01,Bengal Gram(Gram)(Whole),7743915.0,3111,2489.20443587271,4301.50405437127,57.868234096934835,4.498468749275064
2011-02-01,Bengal Gram(Gram)(Whole),9335627.0,3677,2538.9249388088115,4301.50405437127,59.02412055682495,14.097234165077644
2011-03-01,Bengal Gram(Gram)(Whole),10544920.0,4255,2478.2420681551116,4301.50405437127,57.61338445413471,14.678572289748848
2011-04-01,Bengal Gram(Gram)(Whole),10871374.500000002,4575,2376.2567213114758,4301.50405437127,55.242461503591485,9.517591239742718
2011-05-01,Bengal Gram(Gram)(Whole),10814656.5,4507,2399.5244064788108,4301.50405437127,55.78338125801296,13.329793582660221
2011-06-01,Bengal Gram(Gram)(Whole),11865570.0,4696,2526.7397785349235,4301.50405437127,58.74084382106306,18.715168644690607
2011-07-01,Bengal Gram(Gram)(Whole),11669588.0,4311,2706.9329621897473,4301.50405437127,62.929917721195935,21.090678954094933
2011-08-01,Bengal Gram(Gram)(Whole),11212585.0,3948,2840.0671225937185,4301.50405437127,66.02497839581457,24.870160192108457
2011-09-01,Bengal Gram(Gram)(Whole),12509469.0,3942,3173.3812785388127,4301.50405437127,73.77376002503037,42.170428548578776
2011-10-01,Bengal Gram(Gram)(Whole),10713001.5,3268,3278.1522337821298,4301.50405437127,76.20944191487648,43.1222849163329
2011-11-01,Bengal Gram(Gram)(Whole),12279869.0,3593,3417.720289451712,4301.50405437127,79.4540757430778,43.06111700974127
2011-12-01,Bengal Gram(Gram)(Whole),11587717.0,3458,3350.988143435512,4301.50405437127,77.90270800814831,37.64579271079682
2012-01-01,Bengal Gram(Gram)(Whole),15006643.0,4385,3422.2675028506274,4301.50405437127,79.55978791587685,37.48438872803097
2012-02-01,Bengal Gram(Gram)(Whole),16039374.0,4656,3444.882731958763,4301.50405437127,80.08553957906905,35.682732455060304
2012-03-01,Bengal Gram(Gram)(Whole),18440606.0,5198,3547.63485956137,4301.50405437127,82.47428840514974,43.15126456562619
2012-04-01,Bengal Gram(Gram)(Whole),19385664.0,5335,3633.676476101218,4301.50405437127,84.47455657768373,52.91598940100049
2012-05-01,Bengal Gram(Gram)(Whole),25103541.0,6231,4028.8141550312953,4301.50405437127,93.66059183269019,67.90052829441275
2012-06-01,Bengal Gram(Gram)(Whole),23895818.0,5786,4129.937435188386,4301.50405437127,96.0114737307167,63.44925861669235
2012-07-01,Bengal Gram(Gram)(Whole),24959701.0,5486,4549.708530805688,4301.50405437127,105.77017883273147,68.07614353054552
2012-08-01,Bengal Gram(Gram)(Whole),22654301.0,4739,4780.396919181262,4301.50405437127,111.13314921378097,68.31985699040513
2012-09-01,Bengal Gram(Gram)(Whole),21887699.0,4687,4669.873906550032,4301.50405437127,108.56374532076559,47.157668639813785
2012-10-01,Bengal Gram(Gram)(Whole),22185358.0,4807,4615.219055543998,4301.50405437127,107.29314670420744,40.78720957443891
2012-11-01,Bengal Gram(Gram)(Whole),19848540.0,4292,4624.543336439888,4301.50405437127,107.5099146248703,35.31076111502913
2012-12-01,Bengal Gram(Gram)(Whole),20286141.0,4588,4421.565170008718,4301.50405437127,102.79114268218437,31.94809950821329
2013-01-01,Bengal Gram(Gram)(Whole),21163737.0,5214,4059.0212888377446,4301.50405437127,94.36283768494627,18.606195613192856
2013-02-01,Bengal Gram(Gram)(Whole),21109662.0,5670,3723.0444444444443,4301.50405437127,86.55215472041729,8.07463516552036
2013-03-01,Bengal Gram(Gram)(Whole),22456829.0,6247,3594.8181527133024,4301.50405437127,83.5711906178533,1.3299929395148125
2013-04-01,Bengal Gram(Gram)(Whole),24365567.0,6786,3590.563955201886,4301.50405437127,83.47229038533828,-1.1864710901722808
2013-05-01,Bengal Gram(Gram)(Whole),23277933.0,6754,3446.540272431152,4301.50405437127,80.12407355349839,-14.452736219489882
2013-06-01,Bengal Gram(Gram)(Whole),21121138.0,6459,3270.032203127419,4301.50405437127,76.02067002132313,-20.821265347370634
2013-07-01,Bengal Gram(Gram)(Whole),18606390.5,5867,3171.3636441111303,4301.50405437127,73.72685470070242,-30.295234900475542
2013-08-01,Bengal Gram(Gram)(Whole),14038209.0,4394,3194.858670914884,4301.50405437127,74.27305962127846,-33.16750209390422
2013-09-01,Bengal Gram(Gram)(Whole),15716456.0,4884,3217.947583947584,4301.50405437127,74.80982333789606,-31.091338902447784
2013-10-01,Bengal Gram(Gram)(Whole),15755595.0,4976,3166.3173231511255,4301.50405437127,73.60953943385113,-31.393997011959605
2013-11-01,Bengal Gram(Gram)(Whole),13195270.000000002,4174,3161.3009103977006,4301.50405437127,73.49291946348688,-31.6407982278448
2013-12-01,Bengal Gram(Gram)(Whole),12829289.0,4147,3093.631299734748,4301.50405437127,71.9197578482099,-30.03311766795357
2014-01-01,Bengal Gram(Gram)(Whole),12561915.0,4084,3075.8851616062684,4301.50405437127,71.50720126557815,-24.221014310397628
2014-02-01,Bengal Gram(Gram)(Whole),12159964.0,4041,3009.1472407819847,4301.50405437127,69.95569927974454,-19.17509216758727
2014-03-01,Bengal Gram(Gram)(Whole),14978327.0,4851,3087.6782106782107,4301.50405437127,71.78136232466068,-14.107527015026122
2014-04-01,Bengal Gram(Gram)(Whole),14226556.5,4715,3017.2972428419935,4301.50405437127,70.14516793900866,-15.96592400281196
2014-05-01,Bengal Gram(Gram)(Whole),14873153.0,5040,2951.0224206349208,4301.50405437127,68.60443192273725,-14.37725407591708
2014-06-01,Bengal Gram(Gram)(Whole),14212544.0,4977,2855.6447659232467,4301.50405437127,66.3871225001238,-12.672273894056985
2014-07-01,Bengal Gram(Gram)(Whole),13767807.0,4718,2918.144764730818,4301.50405437127,67.8401026209738,-7.984542543725981
2014-08-01,Bengal Gram(Gram)(Whole),13706590.0,4452,3078.7488769092542,4301.50405437127,71.57377600936053,-3.6342701185082427
2014-09-01,Bengal Gram(Gram)(Whole),14408703.0,4439,3245.934444694751,4301.50405437127,75.46045298727944,0.8697115169550074
2014-10-01,Bengal Gram(Gram)(Whole),12973308.0,4095,3168.084981684982,4301.50405437127,73.65063339799747,0.05582695458008491
2014-11-01,Bengal Gram(Gram)(Whole),12821656.0,3965,3233.70895334174,4301.50405437127,75.17623864740018,2.2904508300961135
2014-12-01,Bengal Gram(Gram)(Whole),14048146.0,4272,3288.4236891385767,4301.50405437127,76.44822944655412,6.296561242463827
2015-01-01,Bengal Gram(Gram)(Whole),10984973.0,3191,3442.486054528361,4301.50405437127,80.0298223834066,11.918549414590274
2015-02-01,Bengal Gram(Gram)(Whole),12008382.0,3395,3537.078645066274,4301.50405437127,82.22888088346278,17.544219742038813
2015-03-01,Bengal Gram(Gram)(Whole),14376137.0,4054,3546.1610754810063,4301.50405437127,82.44002634095695,14.848790369968313
2015-04-01,Bengal Gram(Gram)(Whole),16355266.5,4358,3752.9294401101424,4301.50405437127,87.24691160749562,24.380501424356062
2015-05-01,Bengal Gram(Gram)(Whole),20365718.5,4742,4294.752952340785,4301.50405437127,99.84305252429961,45.53440605228462
2015-06-01,Bengal Gram(Gram)(Whole),21924777.0,5052,4339.821258907364,4301.50405437127,100.89078620063498,51.9734285823984
2015-07-01,Bengal Gram(Gram)(Whole),18977588.5,4294,4419.559501630181,4301.50405437127,102.74451554076627,51.45100253577925
2015-08-01,Bengal Gram(Gram)(Whole),17386001.5,3791,4586.125428646795,4301.50405437127,106.61678730690227,48.96068539538665
2015-09-01,Bengal Gram(Gram)(Whole),17150384.0,3586,4782.594534300056,4301.50405437127,111.18423867204989,47.341069753175866
2015-10-01,Bengal Gram(Gram)(Whole),19097309.0,3866,4939.810915675116,4301.50405437127,114.83915517074048,55.92419219284395
2015-11-01,Bengal Gram(Gram)(Whole),18392917.0,3681,4996.717468079326,4301.50405437127,116.16210062621158,54.5197029224191
2015-12-01,Bengal Gram(Gram)(Whole),20134186.0,4043,4980.011377689834,4301.50405437127,115.77372274307291,51.44068552171206
2016-01-01,Bengal Gram(Gram)(Whole),23373571.0,4823,4846.272237196766,4301.50405437127,112.66459768349844,40.77826781089839
2016-02-01,Bengal Gram(Gram)(Whole),30173987.0,6519,4628.622027918393,4301.50405437127,107.60473474887694,30.860025811828294
2016-03-01,Bengal Gram(Gram)(Whole),31111686.1,6713,4634.542842246387,4301.50405437127,107.74237995978817,30.69183107024407
2016-04-01,Bengal Gram(Gram)(Whole),34815525.0,6673,5217.372246365952,4301.50405437127,121.29181282681715,39.021325330668375
2016-05-01,Bengal Gram(Gram)(Whole),43772793.0,7714,5674.461109670729,4301.50405437127,131.91806953905422,32.12543707730515
2016-06-01,Bengal Gram(Gram)(Whole),46069415.0,7358,6261.132780646915,4301.50405437127,145.55682620557414,44.27167404178485
2016-07-01,Bengal Gram(Gram)(Whole),39699632.0,5335,7441.355576382381,4301.50405437127,172.99427089509155,68.37324112589937
2016-08-01,Bengal Gram(Gram)(Whole),35625198.0,4900,7270.448571428571,4301.50405437127,169.02107912789722,58.5313939739722
2016-09-01,Bengal Gram(Gram)(Whole),33597781.5,4435,7575.598985343856,4301.50405437127,176.11511902785233,58.399356897449465
2016-10-01,Bengal Gram(Gram)(Whole),41228753.0,4741,8696.214511706392,4301.50405437127,202.16683285161926,76.04346927756633
2016-11-01,Bengal Gram(Gram)(Whole),36864679.0,4148,8887.338235294117,4301.50405437127,206.61001647232285,77.86353325096638
2016-12-01,Bengal Gram(Gram)(Whole),41122129.99999999,4642,8858.709607927616,4301.50405437127,205.94446723641298,77.88532868848709
2017-01-01,Bengal Gram(Gram)(Whole),37707316.0,5050,7466.795247524752,4301.50405437127,173.58568428958824,54.072963343136024
2017-02-01,Bengal Gram(Gram)(Whole),37343999.0,6226,5998.072438162544,4301.50405437127,139.441282917476,29.586568140238214
2017-03-01,Bengal Gram(Gram)(Whole),49385629.0,8891,5554.564053537285,4301.50405437127,129.13074086010988,19.85139079747851
2017-04-01,Bengal Gram(Gram)(Whole),51725266.0,8792,5883.219517743403,4301.50405437127,136.77121870348498,12.762119318613552
2017-05-01,Bengal Gram(Gram)(Whole),53551258.0,9393,5701.187905887363,4301.50405437127,132.53940560845706,0.4710014871911916
2017-06-01,Bengal Gram(Gram)(Whole),39274789.0,7273,5400.080984463083,4301.50405437127,125.53936753762717,-13.752332466823457
2017-07-01,Bengal Gram(Gram)(Whole),41937103.0,7850,5342.306114649681,4301.50405437127,124.19623571482462,-28.20789089013207
2017-08-01,Bengal Gram(Gram)(Whole),42041141.0,7599,5532.457033820239,4301.50405437127,128.61680388742286,-23.904873551245455
2017-09-01,Bengal Gram(Gram)(Whole),41480705.6,7273,5703.383143132132,4301.50405437127,132.5904397866659,-24.71376647356611
2017-10-01,Bengal Gram(Gram)(Whole),38055824.0,7211,5277.468312300652,4301.50405437127,122.68890707978267,-39.313038964294186
2017-11-01,Bengal Gram(Gram)(Whole),39218515.0,8091,4847.177728340131,4301.50405437127,112.6856482539947,-45.45973608734023
2017-12-01,Bengal Gram(Gram)(Whole),32901261.0,7277,4521.2671430534565,4301.50405437127,105.10898248390255,-48.96246357361803
2018-01-01,Bengal Gram(Gram)(Whole),23915579.0,5589,4279.044372875291,4301.50405437127,99.47786445828976,-42.692356881035444
2018-02-01,Bengal Gram(Gram)(Whole),25584944.0,6196,4129.267914783732,4301.50405437127,95.99590893300429,-31.156751483836754
2018-03-01,Bengal Gram(Gram)(Whole),27106432.0,6883,3938.1711463024844,4301.50405437127,91.55335195605454,-29.100265865247177
2018-04-01,Bengal Gram(Gram)(Whole),27115375.5,7040,3851.615838068182,4301.50405437127,89.54114164216809,-34.532175342906015
2018-05-01,Bengal Gram(Gram)(Whole),32644421.0,8566,3810.929371935559,4301.50405437127,88.59527560046864,-33.155520659121194
2018-06-01,Bengal Gram(Gram)(Whole),24659860.5,6835,3607.8801024140453,4301.50405437127,83.87485067572234,-33.18840749250786
2018-07-01,Bengal Gram(Gram)(Whole),26599514.0,6777,3924.968865279622,4301.50405437127,91.2464295201813,-26.530438708546377
2018-08-01,Bengal Gram(Gram)(Whole),23582534.0,5743,4106.309246038656,4301.50405437127,95.46217309421681,-25.777837569518525
2018-09-01,Bengal Gram(Gram)(Whole),19881246.5,4960,4008.315826612903,4301.50405437127,93.18405320435711,-29.72038304248218
2018-10-01,Bengal Gram(Gram)(Whole),25220310.5,6292,4008.313811188811,4301.50405437127,93.18400635041797,-24.048548015981687
2018-11-01,Bengal Gram(Gram)(Whole),20939496.0,4888,4283.857610474632,4301.50405437127,99.58976107720494,-11.62161054198445
2018-12-01,Bengal Gram(Gram)(Whole),25882772.0,6083,4254.935393720204,4301.50405437127,98.91738656845523,-5.89064394795713
2019-01-01,Bengal Gram(Gram)(Whole),34742832.0,8017,4333.645004365723,4301.50405437127,100.74720259677055,1.2760005910792405
2019-02-01,Bengal Gram(Gram)(Whole),34931743.0,8099,4313.09334485739,4301.50405437127,100.2694241441977,4.451768058340799
2019-03-01,Bengal Gram(Gram)(Whole),39363279.5,9432,4173.375689143342,4301.50405437127,97.02131246167903,5.972430707123766
2019-04-01,Bengal Gram(Gram)(Whole),46080724.5,10786,4272.271880215094,4301.50405437127,99.32041970002399,10.92154721115428
2019-05-01,Bengal Gram(Gram)(Whole),49724987.0,11282,4407.462063463925,4301.50405437127,102.46327814070007,15.653207743007535
2019-06-01,Bengal Gram(Gram)(Whole),42592195.0,9887,4307.898755942147,4301.50405437127,100.14866199101633,19.40249214655765
2019-07-01,Bengal Gram(Gram)(Whole),39613070.0,9331,4245.318829707427,4301.50405437127,98.69382374272675,8.161847276334555
2019-08-01,Bengal Gram(Gram)(Whole),34263214.0,7982,4292.560010022551,4301.50405437127,99.79207169781394,4.535721808180204
2019-09-01,Bengal Gram(Gram)(Whole),31752537.0,7473,4248.967884383782,4301.50405437127,98.77865580681947,6.0038197632304335
2019-10-01,Bengal Gram(Gram)(Whole),32192973.0,7440,4327.0125,4301.50405437127,100.59301224191124,7.950941563546587
2019-11-01,Bengal Gram(Gram)(Whole),36273656.0,8468,4283.615493623051,4301.50405437127,99.58413242154124,-0.005651841718279371
2019-12-01,Bengal Gram(Gram)(Whole),34310875.0,8058,4257.988955075702,4301.50405437127,98.98837479296695,0.07176516381435238
2020-01-01,Bengal Gram(Gram)(Whole),38342832.0,8767,4373.540777917189,4301.50405437127,101.67468686848531,0.9206054836350175
2020-02-01,Bengal Gram(Gram)(Whole),36142998.5,8547,4228.735053235053,4301.50405437127,98.30828937468353,-1.955865196446982
2020-03-01,Bengal Gram(Gram)(Whole),30854854.0,7477,4126.635549016985,4301.50405437127,95.93471252975851,-1.1199600421296085
2020-04-01,Bengal Gram(Gram)(Whole),23851762.0,5268,4527.669324221716,4301.50405437127,105.25781835822316,5.9780241325316785
2020-05-01,Bengal Gram(Gram)(Whole),42348752.0,9890,4281.976946410516,4301.50405437127,99.54603999638427,-2.8471060044652496
2020-06-01,Bengal Gram(Gram)(Whole),46898755.0,11119,4217.893245795485,4301.50405437127,98.05624247893435,-2.089313497038703
2020-07-01,Bengal Gram(Gram)(Whole),37710162.0,9039,4171.9395950879525,4301.50405437127,96.98792660321563,-1.7284740572601875
2020-08-01,Bengal Gram(Gram)(Whole),29972319.0,6940,4318.77795389049,4301.50405437127,100.40157812943744,0.6107764086401346
2020-09-01,Bengal Gram(Gram)(Whole),38068470.0,8073,4715.529542920847,4301.50405437127,109.62513305384047,10.980588021194947
2020-10-01,Bengal Gram(Gram)(Whole),37719319.0,7451,5062.31633337807,4301.50405437127,117.68712221097753,16.99333739798694
2020-11-01,Bengal Gram(Gram)(Whole),36451341.0,7414,4916.555300782304,4301.50405437127,114.2985160222273,14.77583149331445
2020-12-01,Bengal Gram(Gram)(Whole),37573111.0,8010,4690.775405742821,4301.50405437127,109.04965673520559,10.16410458630288
2021-01-01,Bengal Gram(Gram)(Whole),37434950.0,8149,4593.809056325929,4301.50405437127,106.79541384269098,5.036383324031535
2021-02-01,Bengal Gram(Gram)(Whole),46724786.0,10039,4654.326725769499,4301.50405437127,108.20230940011979,10.06427849408209
2021-03-01,Bengal Gram(Gram)(Whole),58409257.0,12017,4860.552300907048,4301.50405437127,112.99657606896041,17.78486961527026
2021-04-01,Bengal Gram(Gram)(Whole),51158349.0,9941,5146.197465043758,4301.50405437127,119.63716411737643,13.66107143719828
2021-05-01,Bengal Gram(Gram)(Whole),35650310.0,6798,5244.235069137982,4301.50405437127,121.91631119837467,22.472286394117692
2021-06-01,Bengal Gram(Gram)(Whole),59596864.0,12086,4931.066026807877,4301.50405437127,114.63585677193153,16.908270064049226
2021-07-01,Bengal Gram(Gram)(Whole),51819780.0,10740,4824.932960893855,4301.50405437127,112.16850896585036,15.6520330873136
2021-08-01,Bengal Gram(Gram)(Whole),50035207.5,10158,4925.69477259303,4301.50405437127,114.5109875599779,14.052975753379737
2021-09-01,Bengal Gram(Gram)(Whole),51035371.0,10050,5078.146368159204,4301.50405437127,118.05513383158839,7.689843143549635
2021-10-01,Bengal Gram(Gram)(Whole),46205014.0,9320,4957.619527896995,4301.50405437127,115.25316413125238,-2.0681600790287025
2021-11-01,Bengal Gram(Gram)(Whole),44399237.5,9070,4895.175027563396,4301.50405437127,113.80147422129768,-0.4348628645650665
2021-12-01,Bengal Gram(Gram)(Whole),49038214.0,10297,4762.378751092551,4301.50405437127,110.71426856503672,1.5264714073086383
2022-01-01,Bengal Gram(Gram)(Whole),31288215.1,6432,4864.461302860696,4301.50405437127,113.08745130479043,5.891673842256551
2022-02-01,Bengal Gram(Gram)(Whole),35017888.2,7261,4822.73628976725,4301.50405437127,112.11744145321202,3.6183442615947525
2022-03-01,Bengal Gram(Gram)(Whole),42343409.7,8624,4909.950104359926,4301.50405437127,114.14496051376125,1.016300214353394
2022-04-01,Bengal Gram(Gram)(Whole),45394897.0,9267,4898.55368511924,4301.50405437127,113.88002017901707,-4.812170182094089
2022-05-01,Bengal Gram(Gram)(Whole),42530669.5,8935,4760.007778399552,4301.50405437127,110.659148944945,-9.23351612493648
2022-06-01,Bengal Gram(Gram)(Whole),40393083.7,8655,4667.022957827846,4301.50405437127,108.4974673703987,-5.354685326551167
2022-07-01,Bengal Gram(Gram)(Whole),37572649.8,7849,4786.934615874633,4301.50405437127,111.28513550998653,-0.7875414089107413
2022-08-01,Bengal Gram(Gram)(Whole),33588916.1,6877,4884.23965391886,4301.50405437127,113.54725212813418,-0.8416095716046068
2022-09-01,Bengal Gram(Gram)(Whole),32313862.2,6732,4800.038948306596,4301.50405437127,111.58978086812924,-5.476553838549969
2022-10-01,Bengal Gram(Gram)(Whole),28753169.8,5979,4809.026559625356,4301.50405437127,111.79872200139697,-2.997264462016358
2022-11-01,Bengal Gram(Gram)(Whole),33783118.7,7038,4800.102117078716,4301.50405437127,111.59124939567967,-1.942175917088762
2022-12-01,Bengal Gram(Gram)(Whole),34349495.9,7043,4877.111443986937,4301.50405437127,113.38153776771925,2.4091467497847407
2023-01-01,Bengal Gram(Gram)(Whole),40628519.099999994,8208,4949.868311403508,4301.50405437127,115.07296631217534,1.7557341548299688
2023-02-01,Bengal Gram(Gram)(Whole),50229736.400000006,10208,4920.624647335424,4301.50405437127,114.39311889837676,2.0297265221793426
2023-03-01,Bengal Gram(Gram)(Whole),55459414.5,11077,5006.717929042159,4301.50405437127,116.39458816630051,1.970851487804448
2023-04-01,Bengal Gram(Gram)(Whole),57687144.7,11372,5072.735200492438,4301.50405437127,117.92933672438197,3.555774348300478
2023-05-01,Bengal Gram(Gram)(Whole),59359361.6,11847,5010.49730733519,4301.50405437127,116.48244995243995,5.26237646233132
2023-06-01,Bengal Gram(Gram)(Whole),56881353.199999996,11236,5062.420185119259,4301.50405437127,117.68953652327102,8.472150894998842
2023-07-01,Bengal Gram(Gram)(Whole),52986511.9,10439,5075.8225787910715,4301.50405437127,118.00111111444667,6.034926024650855
2023-08-01,Bengal Gram(Gram)(Whole),49126392.7,9024,5443.970822251774,4301.50405437127,126.55970454612283,11.459944801926646
2023-09-01,Bengal Gram(Gram)(Whole),37856092.0,6442,5876.450170754424,4301.50405437127,136.61384707478453,22.425051838955913
2023-10-01,Bengal Gram(Gram)(Whole),47697411.6,8090,5895.848158220025,4301.50405437127,137.06480532614054,22.599617305489296
2023-11-01,Bengal Gram(Gram)(Whole),40705444.7,6784,6000.212956957547,4301.50405437127,139.49104501854453,25.001777266547045
2023-12-01,Bengal Gram(Gram)(Whole),38202453.0,6554,5828.875953616112,4301.50405437127,135.507856785412,19.51492231744303
2024-01-01,Bengal Gram(Gram)(Whole),30871412.0,5348,5772.515332834704,4301.50405437127,134.19760297490745,16.619573889187755
2024-02-01,Bengal Gram(Gram)(Whole),41414318.0,6931,5975.229836964363,4301.50405437127,138.91024538015304,21.432343761477934
2024-03-01,Bengal Gram(Gram)(Whole),46599598.0,8010,5817.677652933833,4301.50405437127,135.24752224798667,16.197431838282505
2024-04-01,Bengal Gram(Gram)(Whole),46127518.0,7721,5974.293226266028,4301.50405437127,138.8884713521271,17.772621478173576
2024-05-01,Bengal Gram(Gram)(Whole),55229569.5,8828,6256.181411418214,4301.50405437127,145.44171834641335,24.861486349057337
2024-06-01,Bengal Gram(Gram)(Whole),38732165.0,5947,6512.891373801917,4301.50405437127,151.40963001495703,28.65173445985869
2024-07-01,Bengal Gram(Gram)(Whole),48904621.0,7530,6494.637583001328,4301.50405437127,150.98527168424621,27.95241524277592
2024-08-01,Bengal Gram(Gram)(Whole),50050008.0,7218,6934.054862842892,4301.50405437127,161.20070503702942,27.371271618512804
2024-09-01,Bengal Gram(Gram)(Whole),47144265.0,6643,7096.833508956796,4301.50405437127,164.98493129966621,20.76735618853549
2024-10-01,Bengal Gram(Gram)(Whole),48238148.0,6996,6895.10405946255,4301.50405437127,160.29518913170878,16.94846736935307
2024-11-01,Bengal Gram(Gram)(Whole),32972972.5,5028,6557.870425616547,4301.50405437127,152.45528872516846,9.293961275363882
2024-12-01,Bengal Gram(Gram)(Whole),26127769.5,4094,6381.9661700048855,4301.50405437127,148.36592246192143,9.488797167585084
2025-01-01,Bengal Gram(Gram)(Whole),48776138.0,7837,6223.8277402067115,4301.50405437127,144.68957047435396,7.818297247386985
2025-02-01,Bengal Gram(Gram)(Whole),57668069.0,9670,5963.605894519132,4301.50405437127,138.64001565821616,-0.19453548670751442
2025-03-01,Bengal Gram(Gram)(Whole),79670380.5,14027,5679.787588222714,4301.50405437127,132.0418978206194,-2.370190872324829
2025-04-01,Bengal Gram(Gram)(Whole),68869748.5,11884,5795.165642881185,4301.50405437127,134.72417018861177,-2.998305851432048
2025-05-01,Bengal Gram(Gram)(Whole),65677392.0,11506,5708.099426386233,4301.50405437127,132.70008244175787,-8.760647254116893
2025-06-01,Bengal Gram(Gram)(Whole),75913048.0,13598,5582.662744521253,4301.50405437127,129.78397030331857,-14.282882607600433
2025-07-01,Bengal Gram(Gram)(Whole),75383442.5,12955,5818.868583558472,4301.50405437127,135.2752086248815,-10.405030162292261
2025-08-01,Bengal Gram(Gram)(Whole),60094519.0,10065,5970.642722305018,4301.50405437127,138.80360559552506,-13.893921516261065
2025-09-01,Bengal Gram(Gram)(Whole),58479658.5,10250,5705.332536585366,4301.50405437127,132.63575866649478,-19.60734982179362
2025-10-01,Bengal Gram(Gram)(Whole),47213080.5,8338,5662.398716718638,4301.50405437127,131.63764685899577,-17.877980261257964
2025-11-01,Bengal Gram(Gram)(Whole),33655169.07,6142,5479.513036470205,4301.50405437127,127.38597865325318,-16.443712961055613
2025-12-01,Bengal Gram(Gram)(Whole),39214925.55,7470,5249.655361445783,4301.50405437127,122.04232043233768,-17.742350529542783
2026-01-01,Bengal Gram(Gram)(Whole),41815135.57,7766,5384.385213752254,4301.50405437127,125.1744772454774,-13.487560412887934
2026-02-01,Bengal Gram(Gram)(Whole),55208953.65,10409,5303.96326736478,4301.50405437127,123.3048533797101,-11.06113715127618
2026-03-01,Bengal Gram(Gram)(Whole),69975729.91,13387,5227.1405027265255,4301.50405437127,121.51890214806622,-7.969436857722845
2026-04-01,Bengal Gram(Gram)(Whole),77677768.28,14654,5300.789428142487,4301.50405437127,123.23106897355413,-8.530838378122851
2026-05-01,Bengal Gram(Gram)(Whole),65742861.79000001,11963,5495.516324500544,4301.50405437127,127.75801801037234,-3.724236142471582
2026-06-01,Bengal Gram(Gram)(Whole),55483558.03,9905,5601.570724886421,4301.50405437127,130.22353702524114,0.3386910732467774
2026-07-01,Bengal Gram(Gram)(Whole),43338671.19,7645,5668.890933943754,4301.50405437127,131.78857586296866,-2.5774366178072383
2001-01-01,Onion,530.0,2,265.0,2321.4484361752575,11.415286933385664,
2001-03-01,Onion,3029.0,13,233.0,2321.4484361752575,10.036837190486263,
2001-04-01,Onion,6911.0,20,345.55,2321.4484361752575,14.88510339559025,
2001-05-01,Onion,6435.0,25,257.4,2321.4484361752575,11.087905119447054,
2001-06-01,Onion,16003.0,48,333.3958333333333,2321.4484361752575,14.361543773189524,
2001-07-01,Onion,44733.0,89,502.6179775280899,2321.4484361752575,21.651050684381637,
2001-08-01,Onion,46108.0,75,614.7733333333333,2321.4484361752575,26.482316977335657,
2001-09-01,Onion,42765.0,75,570.2,2321.4484361752575,24.5622513562887,
2001-10-01,Onion,34030.0,67,507.910447761194,2321.4484361752575,21.879032066635546,
2001-11-01,Onion,22890.0,38,602.3684210526316,2321.4484361752575,25.947956097834936,
2001-12-01,Onion,43654.0,107,407.98130841121497,2321.4484361752575,17.574429052725016,
2002-01-01,Onion,84206.0,265,317.7584905660377,2321.4484361752575,13.687940925776763,
2002-02-01,Onion,102285.0,339,301.72566371681415,2321.4484361752575,12.99730198676855,13.858741025212895
2002-03-01,Onion,110909.5,381,291.1010498687664,2321.4484361752575,12.539630229667084,24.936072905049933
2002-04-01,Onion,206238.1,721,286.04452149791956,2321.4484361752575,12.321812409893418,-17.220511793396163
2002-05-01,Onion,221111.5,731,302.4781121751026,2321.4484361752575,13.029714873764572,17.512864092891476
2002-06-01,Onion,290011.0,806,359.8151364764268,2321.4484361752575,15.499596323976354,7.924305135715093
2002-07-01,Onion,419895.02749999997,973,431.54679085303184,2321.4484361752575,18.589548840638226,-14.140199883933946
2002-08-01,Onion,493188.5,991,497.667507568113,2321.4484361752575,21.437801495520343,-19.048618314373922
2002-09-01,Onion,563559.5,1104,510.4705615942029,2321.4484361752575,21.989312949601306,-10.475173343703458
2002-10-01,Onion,723863.0,1210,598.2338842975207,2321.4484361752575,25.769854500113354,17.783338959547134
2002-11-01,Onion,734266.0,1297,566.1264456437933,2321.4484361752575,24.386776670194955,-6.0165795785751435
2002-12-01,Onion,551501.0,1390,396.763309352518,2321.4484361752575,17.091196305277933,-2.7496355414866502
2003-01-01,Onion,447871.0,1358,329.8019145802651,2321.4484361752575,14.206730136278019,3.790118713358015
2003-02-01,Onion,435248.0,1478,294.48443843031123,2321.4484361752575,12.685374951316781,-2.399936815881598
2003-03-01,Onion,501287.0,1553,322.7862202189311,2321.4484361752575,13.904518196007967,10.884595010718412
2003-04-01,Onion,644675.5,1691,381.23920756948553,2321.4484361752575,16.42247148929152,33.27967463703314
2003-05-01,Onion,737214.25,1851,398.27890329551593,2321.4484361752575,17.156482870311226,31.671974686536952
2003-06-01,Onion,850983.0,1925,442.0690909090909,2321.4484361752575,19.042813272106507,22.86005954006134
2003-07-01,Onion,1214879.0,2285,531.6757111597374,2321.4484361752575,22.90275772981238,23.20233226825352
2003-08-01,Onion,1218158.0,2144,568.1707089552239,2321.4484361752575,24.474836490071834,14.166727848404182
2003-09-01,Onion,1365124.5,2203,619.6661370857921,2321.4484361752575,26.693082104667972,21.391160177889734
2003-10-01,Onion,1656499.0,2034,814.4046214355949,2321.4484361752575,35.081745032311865,36.134819977961264
2003-11-01,Onion,1492099.0,2002,745.3041958041958,2321.4484361752575,32.10513678400432,31.649775688652614
2003-12-01,Onion,1421271.0,2016,704.9955357142857,2321.4484361752575,30.368778592205704,77.68667593401592
2004-01-01,Onion,3310113.0,4132,801.0922071636012,2321.4484361752575,34.50829209385561,142.90101777703183
2004-02-01,Onion,2126900.0,2695,789.2022263450834,2321.4484361752575,33.99611268753172,167.99454346442332
2004-03-01,Onion,1938654.5,3124,620.5680217669654,2321.4484361752575,26.73193218925823,92.25356687967124
2004-04-01,Onion,1162966.0,2479,469.12706736587336,2321.4484361752575,20.20837766867619,23.053205979704792
2004-05-01,Onion,977769.0,2426,403.03751030502883,2321.4484361752575,17.361467264336927,1.1947926365515116
2004-06-01,Onion,1287660.0,3048,422.46062992125985,2321.4484361752575,18.198148334377485,-4.435610041748761
2004-07-01,Onion,1348521.0,3094,435.8503555268261,2321.4484361752575,18.774931578705186,-18.023271257565753
2004-08-01,Onion,1735157.0,3377,513.8161089724607,2321.4484361752575,22.133427603458095,-9.56659664534848
2004-09-01,Onion,1724741.0,3302,522.3322228952151,2321.4484361752575,22.500272448686932,-15.70747671452979
2004-10-01,Onion,1783006.0,3217,554.2449487099782,2321.4484361752575,23.874962720392535,-31.944768715459794
2004-11-01,Onion,1485208.0,2686,552.9441548771407,2321.4484361752575,23.818929004003785,-25.80960123530437
2004-12-01,Onion,1540617.0,3366,457.69964349376113,2321.4484361752575,19.716123621847576,-35.07765364357519
2005-01-01,Onion,1837138.5,4112,446.77492704280155,2321.4484361752575,19.245524478626514,-44.2292756005352
2005-02-01,Onion,1545108.0,3805,406.073061760841,2321.4484361752575,17.492228361956368,-48.546386692112165
2005-03-01,Onion,1750351.0,4281,408.86498481663165,2321.4484361752575,17.612494787532917,-34.114396734067
2005-04-01,Onion,1754497.5,4139,423.894056535395,2321.4484361752575,18.25989541399373,-9.641952890175286
2005-05-01,Onion,1878763.5,4794,391.8989361702128,2321.4484361752575,16.881655868949327,-2.76365694259727
2005-06-01,Onion,1959528.5,5037,389.0269009330951,2321.4484361752575,16.75793848663049,-7.9140460957027425
2005-07-01,Onion,2452470.5,5423,452.235017517979,2321.4484361752575,19.48072636336763,3.759240249178686
2005-08-01,Onion,3534516.5,6003,588.7916874895885,2321.4484361752575,25.36311719504149,14.591908896563277
2005-09-01,Onion,5683511.25,6193,917.7315113838205,2321.4484361752575,39.53271143492831,75.69881220365113
2005-10-01,Onion,6706081.5,5948,1127.4514963012778,2321.4484361752575,48.56672578775129,103.42115862768888
2005-11-01,Onion,6699343.0,5509,1216.0724269377383,2321.4484361752575,52.3842101331055,119.92680747442547
2005-12-01,Onion,6266637.5,7128,879.1578984287318,2321.4484361752575,37.87109309553321,92.08184033482112
2006-01-01,Onion,2122760.0,3582,592.6186487995533,2321.4484361752575,25.527969502347954,32.64366752227787
2006-02-01,Onion,1492523.5,3115,479.14077046548954,2321.4484361752575,20.639733495649217,17.993734523488847
2006-03-01,Onion,1598241.5,3512,455.08015375854217,2321.4484361752575,19.60328502959632,11.303283640842254
2006-04-01,Onion,1365371.5,3156,432.62721799746515,2321.4484361752575,18.63608991937153,2.060222672959555
2006-05-01,Onion,1297302.0,3323,390.4008426120975,2321.4484361752575,16.8171231601986,-0.38226527807275756
2006-06-01,Onion,1495950.0,3566,419.5036455412227,2321.4484361752575,18.070771635676866,7.8340969570556585
2006-07-01,Onion,1953292.5,4113,474.9070021881838,2321.4484361752575,20.4573573458571,5.013319135399219
2006-08-01,Onion,2142957.5,4245,504.81919905771497,2321.4484361752575,21.745871723493394,-14.261833211318642
2006-09-01,Onion,1986685.5,3806,521.9877824487651,2321.4484361752575,22.485435141035268,-43.1219505951501
2006-10-01,Onion,1770684.5,3327,532.2165614667869,2321.4484361752575,22.926055697521736,-52.794726583557804
2006-11-01,Onion,1871798.0,3396,551.1772673733805,2321.4484361752575,23.742817578213458,-54.67562168469426
2006-12-01,Onion,2208971.0,3525,626.658439716312,2321.4484361752575,26.994286409771565,-28.720604019334562
2007-01-01,Onion,5406014.0,6094,887.1043649491303,2321.4484361752575,38.21339949340828,49.69227963819676
2007-02-01,Onion,6288293.5,5865,1072.1728047740835,2321.4484361752575,46.185510221392654,123.7698962107645
2007-03-01,Onion,5686744.0,6573,865.1671991480298,2321.4484361752575,37.26842197595614,90.11314644300504
2007-04-01,Onion,4308246.0,6317,682.0082317555801,2321.4484361752575,29.37856474121108,57.64339444763649
2007-05-01,Onion,3552499.0,6276,566.0450924155513,2321.4484361752575,24.383272253427634,44.99074557018159
2007-06-01,Onion,4503430.0,6895,653.1443074691806,2321.4484361752575,28.135206334596855,55.69454864367784
2007-07-01,Onion,6185320.0,7097,871.5400873608567,2321.4484361752575,37.5429440421592,83.51805371265202
2007-08-01,Onion,8095974.5,7651,1058.158998823683,2321.4484361752575,45.58184374609979,109.6114808626179
2007-09-01,Onion,9513943.0,7164,1328.0210776102736,2321.4484361752575,57.20657228115209,154.4161228027638
2007-10-01,Onion,10078460.0,7103,1418.9018724482612,2321.4484361752575,61.12140378986825,166.6023523465284
2007-11-01,Onion,6746652.0,6546,1030.6526122823097,2321.4484361752575,44.39696338809831,86.99113212594114
2007-12-01,Onion,5036358.0,7382,682.2484421565971,2321.4484361752575,29.388912177633692,8.870861527924312
2008-01-01,Onion,4761317.0,8751,544.08833276197,2321.4484361752575,23.437450700321914,-38.666930942993396
2008-02-01,Onion,4153731.5,8784,472.8747153916211,2321.4484361752575,20.369813432975235,-55.895662221048404
2008-03-01,Onion,4163374.0,8616,483.21425255338903,2321.4484361752575,20.81520506867329,-44.14787649956765
2008-04-01,Onion,4253487.0,8563,496.7285997897933,2321.4484361752575,21.397356583469374,-27.166773557681612
2008-05-01,Onion,4332730.5,9408,460.53683035714283,2321.4484361752575,19.838339856297143,-18.639550712852316
2008-06-01,Onion,4465096.0,9404,474.8081667375585,2321.4484361752575,20.453099855185105,-27.304247880938192
2008-07-01,Onion,6151540.5,10242,600.6190685413005,2321.4484361752575,25.872600019101043,-31.085319281175273
2008-08-01,Onion,7232440.0,9021,801.7337324021727,2321.4484361752575,34.535926790736,-24.233150850351326
2008-09-01,Onion,7605557.5,9356,812.9069581017529,2321.4484361752575,35.017230856140486,-38.78809818556871
2008-10-01,Onion,7373416.5,9174,803.7297253106606,2321.4484361752575,34.621907287971446,-43.35551027754614
2008-11-01,Onion,9017079.0,9188,981.3973661297345,2321.4484361752575,42.27521709449005,-4.779034716993824
2008-12-01,Onion,10369780.5,9195,1127.7629690048939,2321.4484361752575,48.580142958633154,65.30092255542846
2009-01-01,Onion,10188624.0,7770,1311.2772200772201,2321.4484361752575,56.485304590165164,141.00447319293704
2009-02-01,Onion,8649207.5,7374,1172.9329400596691,2321.4484361752575,50.52590967698404,148.04306550589837
2009-03-01,Onion,8156864.0,7489,1089.1793296835358,2321.4484361752575,46.91809271792537,125.40298096095488
2009-04-01,Onion,5533780.0,6888,803.3943089430894,2321.4484361752575,34.60745870654511,61.73707519218172
2009-05-01,Onion,4911831.5,6969,704.8115224565935,2321.4484361752575,30.360851935088334,53.04129355083664
2009-06-01,Onion,5355920.0,7040,760.7840909090909,2321.4484361752575,32.77195732861221,60.22978208999517
2009-07-01,Onion,6479147.0,7758,835.156870327404,2321.4484361752575,35.9756804119837,39.049343264394864
2009-08-01,Onion,6073923.0,7040,862.7731534090909,2321.4484361752575,37.16529473428958,7.613428067200134
2009-09-01,Onion,6405555.0,7116,900.1623102866779,2321.4484361752575,38.775890786950065,10.733744042329029
2009-10-01,Onion,10738799.0,7315,1468.0518113465482,2321.4484361752575,63.238613809801535,82.65491061427537
2009-11-01,Onion,10992498.0,7210,1524.6183079056866,2321.4484361752575,65.6753035797598,55.35178313329017
2009-12-01,Onion,11393459.0,7472,1524.8205299785868,2321.4484361752575,65.68401460989722,35.20753667980827
2010-01-01,Onion,8807559.0,6140,1434.4558631921825,2321.4484361752575,61.79141611930631,9.39379112432903
2010-02-01,Onion,7909335.0,6060,1305.170792079208,2321.4484361752575,56.222260711918494,11.274118707316028
2010-03-01,Onion,6776943.0,7034,963.4550753483082,2321.4484361752575,41.502325028406204,-11.543026103126387
2010-04-01,Onion,4800485.0,6578,729.7788081483734,2321.4484361752575,31.43635657704864,-9.163059779644367
2010-05-01,Onion,4355776.5,6725,647.6991078066915,2321.4484361752575,27.90064589475954,-8.103218070391204
2010-06-01,Onion,4611116.0,6901,668.1808433560353,2321.4484361752575,28.782928491700993,-12.172079918548274
2010-07-01,Onion,5323755.0,6884,773.351975595584,2321.4484361752575,33.313338497827395,-7.400393498240732
2010-08-01,Onion,6203757.0,6931,895.0738710142837,2321.4484361752575,38.55669835548784,3.743825068914397
2010-09-01,Onion,8196909.5,6734,1217.242277992278,2321.4484361752575,52.43460328577303,35.22475492276704
2010-10-01,Onion,10100671.5,6640,1521.1854668674698,2321.4484361752575,65.52742861580528,3.619331082884991
2010-11-01,Onion,10879349.0,5955,1826.9267842149454,2321.4484361752575,78.69771112491003,19.828469508839163
2010-12-01,Onion,15708821.0,6306,2491.091183000317,2321.4484361752575,107.30762502330474,63.36946768648899
2011-01-01,Onion,18713082.0,6228,3004.669556840077,2321.4484361752575,129.43081181637064,109.46406466307033
2011-02-01,Onion,8442850.5,6032,1399.6768070291778,2321.4484361752575,60.29325421223826,7.240892573102742
2011-03-01,Onion,5520638.1,6406,861.791773337496,2321.4484361752575,37.12302026218406,-10.551950434643675
2011-04-01,Onion,4323671.5,6397,675.8904955447866,2321.4484361752575,29.11503374412062,-7.38419806137075
2011-05-01,Onion,4172160.0,6602,631.9539533474705,2321.4484361752575,27.22239889112752,-2.43093656752732
2011-06-01,Onion,4637024.0,6744,687.5776986951364,2321.4484361752575,29.618478187177264,2.902934966180326
2011-07-01,Onion,6024186.5,6951,866.6647245000719,2321.4484361752575,37.33293020834701,12.066012869835196
2011-08-01,Onion,7322545.5,6629,1104.6229446372001,2321.4484361752575,47.58335043862274,23.411372000554408
2011-09-01,Onion,8161052.0,6499,1255.739652254193,2321.4484361752575,54.092937524949235,3.162671471238454
2011-10-01,Onion,7726042.0,6203,1245.5331291310656,2321.4484361752575,53.653275675731365,-18.12088951283807
2011-11-01,Onion,7705158.0,6784,1135.7839033018868,2321.4484361752575,48.92565717174262,-37.83090197618685
2011-12-01,Onion,6051559.0,6756,895.7310538780343,2321.4484361752575,38.58500752891206,-64.04262276745732
2012-01-01,Onion,7226510.5,9778,739.0581407240744,2321.4484361752575,31.836078252150305,-75.4030143167783
2012-02-01,Onion,6630300.0,9608,690.0811823480433,2321.4484361752575,29.726319637105462,-50.69710529727611
2012-03-01,Onion,7920589.0,11194,707.5745041986779,2321.4484361752575,30.479871668588707,-17.89495721705192
2012-04-01,Onion,7591603.5,10794,703.3169816564758,2321.4484361752575,30.296472266910992,4.0578298248716616
2012-05-01,Onion,7773363.0,11497,676.1209880838479,2321.4484361752575,29.12496256853341,6.988964069680081
2012-06-01,Onion,8072209.0,11349,711.2705084148383,2321.4484361752575,30.639082795511257,3.44583743257898
2012-07-01,Onion,9612795.0,11900,807.7978991596639,2321.4484361752575,34.79715020035359,-6.792341222191178
2012-08-01,Onion,10246772.0,12033,851.5558879747362,2321.4484361752575,36.68209358885144,-22.90981351519733
2012-09-01,Onion,9896377.0,11771,840.7422478973749,2321.4484361752575,36.216279233087526,-33.04804492012746
2012-10-01,Onion,10770244.0,11521,934.8358649422793,2321.4484361752575,40.26950805258825,-24.94492173046744
2012-11-01,Onion,13389336.0,11093,1207.0076624898584,2321.4484361752575,51.9937313136485,6.270889997728779
2012-12-01,Onion,15888045.0,11801,1346.3303957291755,2321.4484361752575,57.99527462032909,50.30520488268082
2013-01-01,Onion,16392425.0,11422,1435.162405883383,2321.4484361752575,61.82185154402609,94.18802483892767
2013-02-01,Onion,18786069.0,10750,1747.5413023255815,2321.4484361752575,75.27805809052444,153.237060657047
2013-03-01,Onion,15855473.0,11621,1364.381120385509,2321.4484361752575,58.77283764413129,92.82508234672177
2013-04-01,Onion,14097564.5,11606,1214.6790022402206,2321.4484361752575,52.32418619822915,72.7071909140268
2013-05-01,Onion,13806226.0,12515,1103.17427087495,2321.4484361752575,47.520946564400276,63.16225798601327
2013-06-01,Onion,15556855.0,12094,1286.3283446337027,2321.4484361752575,55.41059299826686,80.84938562973146
2013-07-01,Onion,25996135.0,12661,2053.2450043440485,2321.4484361752575,88.4467202608604,154.1780569719231
2013-08-01,Onion,39053574.0,10917,3577.3173948887056,2321.4484361752575,154.09850760168408,320.09191004441
2013-09-01,Onion,46331433.0,10626,4360.195087521174,2321.4484361752575,187.8221811682748,418.61258292011047
2013-10-01,Onion,39694085.0,9109,4357.677571632452,2321.4484361752575,187.71373525797623,366.1436017863428
2013-11-01,Onion,37490698.0,9635,3891.094758692268,2321.4484361752575,167.6149553036426,222.37531538661318
2013-12-01,Onion,22069248.0,10685,2065.442021525503,2321.4484361752575,88.97212573579527,53.41271563633197
2014-01-01,Onion,14213461.0,10197,1393.8865352554674,2321.4484361752575,60.04382925480737,-2.8760417955979722
2014-02-01,Onion,10071528.0,8718,1155.2567102546457,2321.4484361752575,49.764478601041375,-33.892451713887354
2014-03-01,Onion,11100913.0,9738,1139.9582049702199,2321.4484361752575,49.10547170491444,-16.44869692655069
2014-04-01,Onion,10534611.0,9432,1116.9010814249364,2321.4484361752575,48.112250266695824,-8.049692193159942
2014-05-01,Onion,11726818.0,10093,1161.8763499455067,2321.4484361752575,50.049629870727436,5.321197259613286
2014-06-01,Onion,13383844.0,9819,1363.055708320603,2321.4484361752575,58.715743459128,5.9648350288626695
2014-07-01,Onion,21419212.0,10538,2032.5689884228507,2321.4484361752575,87.55606873489918,-1.006992145479646
2014-08-01,Onion,19683005.0,9549,2061.2634830872344,2321.4484361752575,88.79212869717256,-42.37963100416023
2014-09-01,Onion,16883139.1,8901,1896.7688012582857,2321.4484361752575,81.70626457606528,-56.498074898372884
2014-10-01,Onion,16537374.0,9044,1828.546439628483,2321.4484361752575,78.7674802995468,-58.03850997302028
2014-11-01,Onion,18398760.0,10040,1832.5458167330678,2321.4484361752575,78.93975968522095,-52.904107188873596
2014-12-01,Onion,20516203.0,11492,1785.2595718760876,2321.4484361752575,76.90283118316523,-13.565253671099287
2015-01-01,Onion,26292787.5,15558,1689.9850559197841,2321.4484361752575,72.79873330738926,21.242655924648023
2015-02-01,Onion,24299361.000000004,14138,1718.7269062102139,2321.4484361752575,74.03683318686724,48.77445774206895
2015-03-01,Onion,25852202.0,15335,1685.8299315291815,2321.4484361752575,72.61974486526609,47.88524036924861
2015-04-01,Onion,21729777.0,14909,1457.4939298410357,2321.4484361752575,62.78381665208791,30.494450590160827
2015-05-01,Onion,22820300.0,15508,1471.5179262316224,2321.4484361752575,63.38792209643248,26.650131599686855
2015-06-01,Onion,29897816.0,16439,1818.712573757528,2321.4484361752575,78.34387124074912,33.42907136189845
2015-07-01,Onion,33197481.0,15575,2131.4594542536115,2321.4484361752575,91.81592927238714,4.865294432514888
2015-08-01,Onion,51409072.0,14581,3525.7576297921955,2321.4484361752575,151.8774905722704,71.04837196802862
2015-09-01,Onion,61489168.0,14342,4287.349602565891,2321.4484361752575,184.68424866802502,126.03438013751239
2015-10-01,Onion,50751292.0,14681,3456.9369933928206,2321.4484361752575,148.91293468005506,89.05382540326335
2015-11-01,Onion,37367215.0,13628,2741.9441590842384,2321.4484361752575,118.1135069104432,49.6248625298974
2015-12-01,Onion,27738106.0,14820,1871.6670715249663,2321.4484361752575,80.62496854802701,4.840052450080146
2016-01-01,Onion,29754476.0,19202,1549.5508801166545,2321.4484361752575,66.74931288457321,-8.309788025119403
2016-02-01,Onion,24393734.0,18851,1294.0286456951885,2321.4484361752575,55.74229543634352,-24.710048989195332
2016-03-01,Onion,21507607.0,18872,1139.6570050869013,2321.4484361752575,49.092497051735634,-32.39786625136368
2016-04-01,Onion,20143738.0,18469,1090.678325843305,2321.4484361752575,46.98266430764539,-25.167556206408225
2016-05-01,Onion,22823830.0,21662,1053.6344751177176,2321.4484361752575,45.386942854248844,-28.39812167182042
2016-06-01,Onion,22806345.0,21144,1078.6201759364358,2321.4484361752575,46.4632407564277,-40.69320290077687
2016-07-01,Onion,22826152.0,19633,1162.6420822085265,2321.4484361752575,50.08261497826149,-45.45323956839435
2016-08-01,Onion,21690727.0,19111,1134.9864999215113,2321.4484361752575,48.891307781596815,-67.80872030649464
2016-09-01,Onion,17656177.0,16570,1065.5508147254075,2321.4484361752575,45.90025770639016,-75.1466310541203
2016-10-01,Onion,18742930.0,17906,1046.7401988160393,2321.4484361752575,45.089961185638664,-69.72058788411087
2016-11-01,Onion,21579652.0,18746,1151.1603542088978,2321.4484361752575,49.58802169672621,-58.01663756006741
2016-12-01,Onion,21754143.0,19462,1117.775305723975,2321.4484361752575,48.14990883732851,-40.27915954020326
2017-01-01,Onion,16749035.0,15653,1070.0207627930747,2321.4484361752575,46.09280766778546,-30.94639378911388
2017-02-01,Onion,14872072.000000002,14229,1045.1944620141965,2321.4484361752575,45.023376170104584,-19.22941849152894
2017-03-01,Onion,17244982.5,16218,1063.3236219015907,2321.4484361752575,45.804317913409605,-6.697926029023982
2017-04-01,Onion,16416202.0,15327,1071.0642656749526,2321.4484361752575,46.13775817651169,-1.7983359257814913
2017-05-01,Onion,17209441.0,15886,1083.308636535314,2321.4484361752575,46.66520348477513,2.816362041900833
2017-06-01,Onion,19105546.0,16131,1184.399355278656,2321.4484361752575,51.01984333668999,9.80689789622977
2017-07-01,Onion,21491941.0,17971,1195.9234878415225,2321.4484361752575,51.51626326070317,2.8625667470917104
2017-08-01,Onion,38729739.0,18269,2119.970386994362,2321.4484361752575,91.32101984083505,86.78375356367376
2017-09-01,Onion,34172777.0,17327,1972.2269867836326,2321.4484361752575,84.9567432147237,85.08990463226999
2017-10-01,Onion,39422350.0,16583,2377.2749200988965,2321.4484361752575,102.40481257535993,127.11222161791586
2017-11-01,Onion,49277822.0,16176,3046.353981206726,2321.4484361752575,131.22643319296807,164.6333301931898
2017-12-01,Onion,50444214.0,15039,3354.2266108118893,2321.4484361752575,144.4885252906243,200.0805791320807
2018-01-01,Onion,50717865.0,15329,3308.6218931437147,2321.4484361752575,142.5240311861026,209.21099928072618
2018-02-01,Onion,34964205.0,14394,2429.0819091288035,2321.4484361752575,104.63647916000579,132.40478182860969
2018-03-01,Onion,24944065.0,15688,1590.0092427332993,2321.4484361752575,68.49211974541836,49.53201546391046
2018-04-01,Onion,16850926.0,14285,1179.6238011900596,2321.4484361752575,50.81412892088912,10.135669631989463
2018-05-01,Onion,17631843.0,16700,1055.7989820359282,2321.4484361752575,45.480182354402324,-2.5394106140765538
2018-06-01,Onion,18337635.0,15085,1215.6204839244283,2321.4484361752575,52.3647419852773,2.6360305336730727
2018-07-01,Onion,25392406.0,15516,1636.5304202113946,2321.4484361752575,70.49609178085767,36.8424014453556
2018-08-01,Onion,24384521.0,15495,1573.7025492094224,2321.4484361752575,67.78968357368313,-25.76771077257468
2018-09-01,Onion,21612192.0,15588,1386.4634334103157,2321.4484361752575,59.72406760387095,-29.700615461539638
2018-10-01,Onion,23320022.0,15563,1498.4271669986506,2321.4484361752575,64.5470794719615,-36.96870503575097
2018-11-01,Onion,22014342.0,14292,1540.3261964735516,2321.4484361752575,66.35194529719311,-49.43705800520938
2018-12-01,Onion,18874790.0,15935,1184.4863508001256,2321.4484361752575,51.02359080400884,-64.68675232072584
2019-01-01,Onion,20509876.0,19334,1060.8190752043033,2321.4484361752575,45.69643067119226,-67.93773633056762
2019-02-01,Onion,17082582.0,17554,973.1446963655007,2321.4484361752575,41.91972051590437,-59.93775703041149
2019-03-01,Onion,18582851.0,19305,962.5926443926444,2321.4484361752575,41.46517447437172,-39.45993403548377
2019-04-01,Onion,18122648.0,18560,976.435775862069,2321.4484361752575,42.06148888108894,-17.224815667758232
2019-05-01,Onion,21190983.0,19131,1107.6777481574409,2321.4484361752575,47.714940848844115,4.9136973045260435
2019-06-01,Onion,24229306.74,18476,1311.3935234899327,2321.4484361752575,56.49031454045741,7.878531238328357
2019-07-01,Onion,29417201.5,19264,1527.05572570598,2321.4484361752575,65.78029914038956,-6.689438409050396
2019-08-01,Onion,34073028.0,18147,1877.6121673003802,2321.4484361752575,80.88106278999987,19.31175737394795
2019-09-01,Onion,48302847.0,16777,2879.1111044882873,2321.4484361752575,124.02218630502155,107.65863960843683
2019-10-01,Onion,57209621.5,16585,3449.479740729575,2321.4484361752575,148.59170192954298,130.2067005124368
2019-11-01,Onion,59394232.0,13553,4382.367889028259,2321.4484361752575,188.77730906004982,184.50907989887625
2019-12-01,Onion,27376051.0,4404,6216.178701180745,2321.4484361752575,267.771560389354,424.79952149568356
2020-01-01,Onion,75049781.5,16326,4596.948517701825,2321.4484361752575,198.0207031983707,333.33954160057857
2020-02-01,Onion,41096856.0,15049,2730.869559439165,2321.4484361752575,117.63645131564742,180.6231765572389
2020-03-01,Onion,30064053.0,13428,2238.907730116175,2321.4484361752575,96.44443077981634,132.5914023090039
2020-04-01,Onion,23972523.5,13254,1808.7010336502187,2321.4484361752575,77.91260858803203,85.23502296434859
2020-05-01,Onion,18684235.0,14984,1246.9457421249333,2321.4484361752575,53.71412617630053,12.572970270383866
2020-06-01,Onion,19187990.1,15788,1215.3528059285534,2321.4484361752575,52.353211339508746,-7.323561985100547
2020-07-01,Onion,20266925.0,15580,1300.829589216945,2321.4484361752575,56.03525665037597,-14.814530516523705
2020-08-01,Onion,20535466.0,14627,1403.9424352225337,2321.4484361752575,60.477002777439395,-25.22724023241103
2020-09-01,Onion,34921967.0,15210,2295.9873109796185,2321.4484361752575,98.90322245375444,-20.25360510053359
2020-10-01,Onion,54084699.0,14454,3741.8499377334992,2321.4484361752575,161.18600264490254,8.475776609202136
2020-11-01,Onion,61425403.0,14439,4254.131380289494,2321.4484361752575,183.2533221068852,-2.9261922318256195
2020-12-01,Onion,50610639.0,16841,3005.2039071314057,2321.4484361752575,129.45382978579877,-51.65512364436087
2021-01-01,Onion,38082356.0,13527,2815.2846898795,2321.4484361752575,121.27276427978177,-38.7575327624735
2021-02-01,Onion,43265050.0,12819,3375.072158514705,2321.4484361752575,145.38647966161003,23.589651027046443
2021-03-01,Onion,32599821.0,14349,2271.922851766674,2321.4484361752575,97.86660846578266,1.4746084086629807
2021-04-01,Onion,20021226.0,12918,1549.8704133766837,2321.4484361752575,66.76307727645244,-14.310304216013947
2021-05-01,Onion,19448629.0,11784,1650.4267651052273,2321.4484361752575,71.0946984385497,32.35754446642702
2021-06-01,Onion,27115184.0,13284,2041.1912074676302,2321.4484361752575,87.92748422319602,67.95050766416095
2021-07-01,Onion,30014645.0,13774,2179.0797880063888,2321.4484361752575,93.86724917295899,67.51462344257718
2021-08-01,Onion,27780182.0,13317,2086.06908462867,2321.4484361752575,89.86066854302435,48.586511262337815
2021-09-01,Onion,27283272.000000004,13892,1963.9556579326234,2321.4484361752575,84.60044286697025,-14.461388852594704
2021-10-01,Onion,36352039.0,13114,2772.0023638859234,2321.4484361752575,119.40831080672133,-25.91893288043049
2021-11-01,Onion,34393426.0,12897,2666.7772350158953,2321.4484361752575,114.87557481180112,-37.313237494926156
2021-12-01,Onion,34498603.0,14755,2338.0957641477466,2321.4484361752575,100.71710953011375,-22.198431906753424
2022-01-01,Onion,44941259.0,18216,2467.131038647343,2321.4484361752575,106.27550456008005,-12.36655221703561
2022-02-01,Onion,45173461.0,17886,2525.6323940512134,2321.4484361752575,108.79554138244667,-25.168047513310388
2022-03-01,Onion,42203558.0,20210,2088.251261751608,2321.4484361752575,89.95466921471419,-8.084411399455771
2022-04-01,Onion,29660297.5,19729,1503.3857519387702,2321.4484361752575,64.76067822620688,-2.9992611663989477
2022-05-01,Onion,27538382.25,19977,1378.5043925514342,2321.4484361752575,59.38121954681936,-16.47588237800153
2022-06-01,Onion,28399362.25,19251,1475.2149109137188,2321.4484361752575,63.54717545844932,-27.727745175626172
2022-07-01,Onion,31004649.0,19234,1611.9709368826036,2321.4484361752575,69.43815385959785,-26.02515310568897
2022-08-01,Onion,31183626.0,18956,1645.053070267989,2321.4484361752575,70.86321818021186,-21.141007151217337
2022-09-01,Onion,31012858.0,18979,1634.061752463249,2321.4484361752575,70.38975008014718,-16.797421272567846
2022-10-01,Onion,33929192.0,17880,1897.6058165548097,2321.4484361752575,81.74232031107455,-31.543860089114172
2022-11-01,Onion,39975039.0,18781,2128.4829881262976,2321.4484361752575,91.68771336713887,-20.18519731688008
2022-12-01,Onion,37029506.0,19626,1886.7576683990624,2321.4484361752575,81.27501946619252,-19.3036616664502
2023-01-01,Onion,21899687.5,11563,1893.945126697224,2321.4484361752575,81.58463040504256,-23.232892901561485
2023-02-01,Onion,17966437.0,11163,1609.4631371495118,2321.4484361752575,69.3301264878065,-36.274845819194226
2023-03-01,Onion,16020219.0,11335,1413.3408910454345,2321.4484361752575,60.88185587158716,-32.319404425503116
2023-04-01,Onion,14558183.0,11063,1315.9344662388141,2321.4484361752575,56.6859227081048,-12.468608636088142
2023-05-01,Onion,16260648.42,11898,1366.6707362581947,2321.4484361752575,58.87146640697635,-0.8584416819548246
2023-06-01,Onion,18055433.84,12037,1499.9945036138572,2321.4484361752575,64.61459493303236,1.6797276462444666
2023-07-01,Onion,20795003.26,11666,1782.5307097548432,2321.4484361752575,76.78528120537032,10.58082183554041
2023-08-01,Onion,25021122.19,11528,2170.4651448646773,2321.4484361752575,93.4961600284633,31.938913345275566
2023-09-01,Onion,27177952.979999997,11373,2389.6907570561852,2321.4484361752575,102.93964405228667,46.242377526667624
2023-10-01,Onion,33352427.04,11404,2924.6253104173975,2321.4484361752575,125.98278147568568,54.12185633616933
2023-11-01,Onion,43835466.96,10408,4211.708970023059,2321.4484361752575,181.4259108404808,97.87374357784384
2023-12-01,Onion,36788694.0,11342,3243.5808499382824,2321.4484361752575,139.72228714596395,71.91295439071952
2024-01-01,Onion,50127416.0,22314,2246.4558573093127,2321.4484361752575,96.76957809196485,18.612510238182978
2024-02-01,Onion,40379714.0,21641,1865.889469063352,2321.4484361752575,80.37608934090866,15.93241410722781
2024-03-01,Onion,43364690.5,21941,1976.4227017911671,2321.4484361752575,85.13748016076794,39.840481112042745
2024-04-01,Onion,39360428.42,20603,1910.422191913799,2321.4484361752575,82.29440560227769,45.176089001919806
2024-05-01,Onion,41647109.91,21679,1921.0807652566998,2321.4484361752575,82.75354021740883,40.56646669090345
2024-06-01,Onion,39233607.5,16932,2317.1277758091187,2321.4484361752575,99.81388083841064,54.47575109285974
2024-07-01,Onion,81251106.78,24951,3256.426867861008,2321.4484361752575,140.27564933667836,82.68559694597764
2024-08-01,Onion,49670386.12,13304,3733.492642814191,2321.4484361752575,160.82599917512582,72.01348068858134
2024-09-01,Onion,67387947.33,15204,4432.251205603789,2321.4484361752575,190.9261104634407,85.47383976426283
2024-10-01,Onion,64955853.989999995,13933,4662.014927869088,2321.4484361752575,200.82353995982228,59.405545430492545
2024-11-01,Onion,89711019.98,18284,4906.531392474295,2321.4484361752575,211.356466765126,16.49739873758258
2024-12-01,Onion,76497799.06,18259,4189.594121255272,2321.4484361752575,180.4732793530366,29.165706516456623
2025-01-01,Onion,77353934.62,24231,3192.354199991746,2321.4484361752575,137.51561956945142,42.10625103559265
2025-02-01,Onion,53753827.49,17222,3121.2302572291255,2321.4484361752575,134.45184517522873,67.27841112667492
2025-03-01,Onion,39401834.54,14506,2716.24393630222,2321.4484361752575,117.00642986399538,37.432338428443316
2025-04-01,Onion,52940750.81,26183,2021.9512970247872,2321.4484361752575,87.09869517309151,5.837929730038471
2025-05-01,Onion,51438878.7,28914,1779.0301826105,2321.4484361752575,76.6344905571787,-7.394305602097817
2025-06-01,Onion,43339563.78,22714,1908.0551105045347,2321.4484361752575,82.19243989102699,-17.654298980630877
2025-07-01,Onion,54521135.88,27292,1997.6966099956032,2321.4484361752575,86.05388682623263,-38.65372412592224
2025-08-01,Onion,36292295.89,17983,2018.1446860924207,2321.4484361752575,86.93471948993404,-45.94485970190085
2025-09-01,Onion,45908007.25,23819,1927.3692115538015,2321.4484361752575,83.02442481682996,-56.51489227151683
2025-10-01,Onion,43484578.24,23095,1882.8568192249406,2321.4484361752575,81.10698432428134,-59.61281016134463
2025-11-01,Onion,26306990.19,12456,2111.993432080925,2321.4484361752575,90.97740010803669,-56.95546888132971
2025-12-01,Onion,38493001.375,17943,2145.293505823998,2321.4484361752575,92.4118525483389,-48.79471748969246
2026-01-01,Onion,50903909.260000005,21636,2352.741230356813,2321.4484361752575,101.34798575294279,-26.300746002342223
2026-02-01,Onion,50089655.96,24222,2067.940548261911,2321.4484361752575,89.0797536588399,-33.74597905834328
2026-03-01,Onion,67349516.5,32957,2043.5572564250388,2321.4484361752575,88.02940545997812,-24.765326518977837
2026-04-01,Onion,41750714.61,22895,1823.5734706267745,2321.4484361752575,78.55326192948891,-9.811206960816389
2026-05-01,Onion,40440180.830000006,21729,1861.115598048691,2321.4484361752575,80.17044742613385,4.614054120079136
2026-06-01,Onion,44313153.61985,21109,2099.2540442394243,2321.4484361752575,90.42863117382382,10.020619041990475
2026-07-01,Onion,48938349.75,18023,2715.3276230372303,2321.4484361752575,116.96695824572848,35.922922902852925
2001-01-01,Potato,600.0,1,600.0,840.1902259178559,71.41239941758869,
2001-02-01,Potato,500.0,1,500.0,840.1902259178559,59.510332847990576,
2001-03-01,Potato,2527.0,7,361.0,840.1902259178559,42.9664603162492,
2001-04-01,Potato,10859.0,30,361.96666666666664,840.1902259178559,43.08151362642197,
2001-05-01,Potato,14612.0,31,471.35483870967744,840.1902259178559,56.10096668224763,
2001-06-01,Potato,36036.0,70,514.8,840.1902259178559,61.271838700291084,
2001-07-01,Potato,104078.0,129,806.8062015503876,840.1902259178559,96.02661119617308,
2001-08-01,Potato,73684.0,112,657.8928571428571,840.1902259178559,78.30284581377389,
2001-09-01,Potato,60637.0,107,566.7009345794393,840.1902259178559,67.44912248417953,
2001-10-01,Potato,46590.00000000001,80,582.3750000000001,840.1902259178559,69.31466018469705,
2001-11-01,Potato,32180.0,56,574.6428571428571,840.1902259178559,68.39437539458345,
2001-12-01,Potato,74971.0,124,604.6048387096774,840.1902259178559,71.96047038623712,
2002-01-01,Potato,127674.0,244,523.2540983606557,840.1902259178559,62.27805111503564,-12.790983606557383
2002-02-01,Potato,131479.0,282,466.23758865248226,840.1902259178559,55.49190817390746,-6.752482269503557
2002-03-01,Potato,168733.80651162792,396,426.0954709889594,840.1902259178559,50.71416660714858,18.031986423534473
2002-04-01,Potato,404992.0,914,443.0984682713348,840.1902259178559,52.73787466252385,22.41416381011185
2002-05-01,Potato,460385.0,934,492.91755888650965,840.1902259178559,58.66737599191037,4.574625824540091
2002-06-01,Potato,516515.0,966,534.6946169772257,840.1902259178559,63.63970925668706,3.8645332123593112
2002-07-01,Potato,653736.0,1163,562.1117798796216,840.1902259178559,66.90291823682539,-30.32877303131192
2002-08-01,Potato,752495.25,1228,612.7811482084691,840.1902259178559,72.93362018571968,-6.856999349453696
2002-09-01,Potato,842284.0,1367,616.155084125823,840.1902259178559,73.33518828461872,8.726675134757755
2002-10-01,Potato,942622.0,1546,609.7166882276844,840.1902259178559,72.56888611880798,4.694859536842078
2002-11-01,Potato,1057733.0,1684,628.1074821852732,840.1902259178559,74.75777065831784,9.303974525715674
2002-12-01,Potato,765957.0,1838,416.73394994559305,840.1902259178559,49.59995214064017,-31.0733352986441
2003-01-01,Potato,974836.0,3046,320.0380827314511,840.1902259178559,38.0911456547628,-38.83696587678457
2003-02-01,Potato,862584.0000000001,3176,271.5944584382872,840.1902259178559,32.32535324266443,-41.747627165100894
2003-03-01,Potato,855562.0,3196,267.69774718397997,840.1902259178559,31.861564075151758,-37.17423314482583
2003-04-01,Potato,836473.5,3327,251.41974752028855,840.1902259178559,29.92414571898025,-43.258718879991775
2003-05-01,Potato,997441.15,3737,266.90959325662294,840.1902259178559,31.767757470046824,-45.85106810567551
2003-06-01,Potato,1250145.5,3762,332.308745348219,840.1902259178559,39.551608087941304,-37.850740441927236
2003-07-01,Potato,1670340.5,4593,363.6709122577836,840.1902259178559,43.28435407118615,-35.30274132741621
2003-08-01,Potato,1412780.5,4380,322.55262557077623,840.1902259178559,38.390428217420336,-47.36250837451623
2003-09-01,Potato,1488375.5,4803,309.8845513220904,840.1902259178559,36.88266558725563,-49.706728175140746
2003-10-01,Potato,1365662.0,4235,322.47036599763874,840.1902259178559,38.380637628265646,-47.11144171976153
2003-11-01,Potato,1442570.5,4207,342.89767054908486,840.1902259178559,40.81190901435331,-45.40780355678996
2003-12-01,Potato,1617208.0,4452,363.2542677448338,840.1902259178559,43.23476476389629,-12.833051448709988
2004-01-01,Potato,1944154.5,4760,408.4358193277311,840.1902259178559,48.61230311047004,27.621005550909985
2004-02-01,Potato,891156.0,3116,285.9935815147625,840.1902259178559,34.03914645666489,5.301699879766586
2004-03-01,Potato,1002257.5,3441,291.26925312409185,840.1902259178559,34.66706040360065,8.805268698773162
2004-04-01,Potato,912343.5,2677,340.8081807994023,840.1902259178559,40.56321655338117,35.55346553352994
2004-05-01,Potato,1179799.0,2630,448.59277566539924,840.1902259178559,53.391810786103754,68.06918409788861
2004-06-01,Potato,1796198.5,3577,502.1522225328488,840.1902259178559,59.76649180657613,51.110143672762675
2004-07-01,Potato,1810379.5,3500,517.2512857142857,840.1902259178559,61.56359235781643,42.23059042666537
2004-08-01,Potato,2106416.0,3739,563.3634661674245,840.1902259178559,67.05189477204222,74.6578454199587
2004-09-01,Potato,2051343.0,3600,569.8175,840.1902259178559,67.82005817521974,83.88057667571121
2004-10-01,Potato,2020491.0,3572,565.6469764837626,840.1902259178559,67.32367969001642,75.41052950208285
2004-11-01,Potato,1644333.5,3208,512.5727867830424,840.1902259178559,61.006754300561916,49.48272642454974
2004-12-01,Potato,1245812.5,3663,340.1071526071526,840.1902259178559,40.47977971126795,-6.372152289189548
2005-01-01,Potato,1181398.5,3961,298.2576369603635,840.1902259178559,35.498822499932736,-26.9756414970451
2005-02-01,Potato,1084808.5,3649,297.28925733077557,840.1902259178559,35.383565311772756,3.9496256371159166
2005-03-01,Potato,1305081.5,4074,320.3440108001964,840.1902259178559,38.12755741715995,9.982089549190265
2005-04-01,Potato,1775600.5,4004,443.4566683316683,840.1902259178559,52.78050787215709,30.119138364429187
2005-05-01,Potato,2259665.0,4610,490.1659436008677,840.1902259178559,58.339876908874025,9.267462650017677
2005-06-01,Potato,2463722.5,4819,511.2518157294044,840.1902259178559,60.8495314463928,1.8121184748834507
2005-07-01,Potato,2816349.5,5257,535.7332128590451,840.1902259178559,63.763323629930326,3.5731041478683334
2005-08-01,Potato,3210023.5,6018,533.4037055500166,840.1902259178559,63.48606411926609,-5.318016239360512
2005-09-01,Potato,3241036.0,6346,510.7210841474945,840.1902259178559,60.786363420208,-10.371112830424744
2005-10-01,Potato,3168145.0,6020,526.2699335548173,840.1902259178559,62.63699782747412,-6.961416672590614
2005-11-01,Potato,3745301.5,5565,673.0101527403414,840.1902259178559,80.1021163993094,31.300406516744662
2005-12-01,Potato,4669784.5,7197,648.8515353619564,840.1902259178559,77.2267416766395,90.77856210552122
2006-01-01,Potato,3761484.0,7004,537.0479725870931,840.1902259178559,63.91980720799286,80.0617674237335
2006-02-01,Potato,3155345.5,6641,475.1310796566782,840.1902259178559,56.550417393588084,59.82113982949233
2006-03-01,Potato,3656926.5,7316,499.85326681246585,840.1902259178559,59.49286856633057,56.03640148097924
2006-04-01,Potato,3401441.0,6351,535.575657376791,840.1902259178559,63.74457127154838,20.772940317186837
2006-05-01,Potato,3724842.0,6457,576.8688245315162,840.1902259178559,68.6593115149992,17.688475109818924
2006-06-01,Potato,4087348.5,6617,617.7041710745051,840.1902259178559,73.51956164447182,20.821902645612077
2006-07-01,Potato,4811495.5,7557,636.6938599973535,840.1902259178559,75.77972706142883,18.845321647973257
2006-08-01,Potato,4954810.0,7749,639.412827461608,840.1902259178559,76.10334037903013,19.874088014120694
2006-09-01,Potato,5006453.5,7310,684.8773597811218,840.1902259178559,81.5145592812551,34.10007556753454
2006-10-01,Potato,4817328.5,6330,761.0313586097947,840.1902259178559,90.57845891725472,44.60855733657911
2006-11-01,Potato,4722751.0,6133,770.0556008478721,840.1902259178559,91.65253023583249,14.419611310822589
2006-12-01,Potato,3258365.0,6308,516.5448636651871,840.1902259178559,61.47951353527039,-20.390900612258424
2007-01-01,Potato,2196942.5,5559,395.20462313365715,840.1902259178559,47.03751733149723,-26.411672083993054
2007-02-01,Potato,2193393.5,5431,403.86549438409133,840.1902259178559,48.06833999323109,-14.999141989213193
2007-03-01,Potato,3101226.0,6368,487.0015703517588,840.1902259178559,57.96325109825453,-2.5710938217252344
2007-04-01,Potato,3369344.5,6181,545.1131693900663,840.1902259178559,64.87973230045183,1.7807963976535834
2007-05-01,Potato,3859786.5,6177,624.8642544924721,840.1902259178559,74.37175953931701,8.319990250805054
2007-06-01,Potato,4459450.0,6653,670.2915977754396,840.1902259178559,79.77855217765565,8.513367589773257
2007-07-01,Potato,4907989.5,6727,729.5955849561469,840.1902259178559,86.83695221032937,14.591270749678609
2007-08-01,Potato,5477851.5,7392,741.0513392857143,840.1902259178559,88.20042371668411,15.895601004377546
2007-09-01,Potato,5523492.0,7356,750.8825448613377,840.1902259178559,89.37054034888884,9.637518913066456
2007-10-01,Potato,5594029.5,7251,771.48386429458,840.1902259178559,91.82252310204889,1.3734658324565219
2007-11-01,Potato,5092406.0,6961,731.5624191926447,840.1902259178559,87.07104613047099,-4.998753546217227
2007-12-01,Potato,4691560.5,7574,619.4296936889358,840.1902259178559,73.72493449471483,19.917888505118576
2008-01-01,Potato,3740023.0,7463,501.14203403457054,840.1902259178559,59.646258499032626,26.805711446620805
2008-02-01,Potato,3523139.0,7449,472.9680494026044,840.1902259178559,56.292972092827675,17.110289435322223
2008-03-01,Potato,3420216.0,7508,455.5428875865743,840.1902259178559,54.21901773362358,-6.459667623342991
2008-04-01,Potato,3148444.5,7321,430.0566179483677,840.1902259178559,51.18562495517696,-21.10691098702253
2008-05-01,Potato,3324841.75,7687,432.5278717314947,840.1902259178559,51.47975522554845,-30.780506546529374
2008-06-01,Potato,3583973.5,7820,458.308631713555,840.1902259178559,54.548198440761574,-31.62548460482163
2008-07-01,Potato,3917044.0,8292,472.3883260974433,840.1902259178559,56.223973039127934,-35.25340122146754
2008-08-01,Potato,3369364.75,7501,449.18874150113317,840.1902259178559,53.46274303660487,-39.38493628064988
2008-09-01,Potato,3713555.0,8304,447.200746628131,840.1902259178559,53.22613056341995,-40.44331571048656
2008-10-01,Potato,3354919.0,7453,450.1434321749631,840.1902259178559,53.57637095613785,-41.65225573621558
2008-11-01,Potato,3037358.0,6849,443.4746678347204,840.1902259178559,52.78265018499254,-39.379790951517045
2008-12-01,Potato,2567469.75,6811,376.95929378945823,840.1902259178559,44.865946087108256,-39.14413570577727
2009-01-01,Potato,2356655.75,6401,368.1699343852523,840.1902259178559,43.81983067977843,-26.533814890519714
2009-02-01,Potato,2448813.0,6553,373.69342285975887,840.1902259178559,44.47723995497828,-20.989710968476018
2009-03-01,Potato,3387110.0,7075,478.7434628975265,840.1902259178559,56.98036565166286,5.092950838035648
2009-04-01,Potato,4527292.75,6624,683.4681083937198,840.1902259178559,81.34682924299355,58.92514610152484
2009-05-01,Potato,5140378.0,6504,790.3410209102091,840.1902259178559,94.06691443557445,82.72603283259352
2009-06-01,Potato,6085218.75,6753,901.1133940470902,840.1902259178559,107.25111602704966,96.61715527328106
2009-07-01,Potato,7418968.0,7288,1017.9703622392975,840.1902259178559,121.15951017250026,115.49439433634787
2009-08-01,Potato,7422876.5,7171,1035.1243201784966,840.1902259178559,123.20118566574462,130.44306870186446
2009-09-01,Potato,8839923.25,7271,1215.7781941961216,840.1902259178559,144.70273001188025,171.8640796919554
2009-10-01,Potato,10180264.5,7425,1371.0793939393939,840.1902259178559,163.18678218870906,204.58722619026878
2009-11-01,Potato,9291380.0,7271,1277.8682437078805,840.1902259178559,152.09272903786623,188.14909540315216
2009-12-01,Potato,7645476.25,7580,1008.6380277044855,840.1902259178559,120.04876950366933,167.57213426546699
2010-01-01,Potato,5523448.25,8756,630.8186671996345,840.1902259178559,75.08045770355209,71.3389954703762
2010-02-01,Potato,3936765.0,8515,462.332941867293,840.1902259178559,55.02717451422657,23.71984990509164
2010-03-01,Potato,3863906.5,9443,409.182092555332,840.1902259178559,48.7011250468102,-14.529988549855943
2010-04-01,Potato,3754794.25,8853,424.12676493843895,840.1902259178559,50.47984990245592,-37.94490778286386
2010-05-01,Potato,4522977.0,8922,506.94653665097513,840.1902259178559,60.33711426447116,-35.857240958195256
2010-06-01,Potato,5092273.5,9358,544.1625881598632,840.1902259178559,64.76659348963494,-39.61219622805581
2010-07-01,Potato,5248169.0,9194,570.8254296280182,840.1902259178559,67.94002263052117,-43.92514253830186
2010-08-01,Potato,4877051.0,9129,534.23715631504,840.1902259178559,63.585261984144005,-48.389082750667455
2010-09-01,Potato,5208062.0,8982,579.8332219995547,840.1902259178559,69.01213607503261,-52.307647499555365
2010-10-01,Potato,5742688.0,8519,674.1035332785539,840.1902259178559,80.23225127882645,-50.83409930465695
2010-11-01,Potato,6041043.5,8277,729.8590672949136,840.1902259178559,86.86831205368853,-42.88463846811435
2010-12-01,Potato,5942231.5,8982,661.5710866176798,840.1902259178559,78.74063113444986,-34.40946420359342
2011-01-01,Potato,5509521.83,10401,529.710780694164,840.1902259178559,63.046529744557276,-16.028042885020234
2011-02-01,Potato,4402514.2299999995,9836,447.59193066287105,840.1902259178559,53.27268954764435,-3.188397336535287
2011-03-01,Potato,5083220.24,10478,485.13268180950564,840.1902259178559,57.74081473984397,18.56156235476094
2011-04-01,Potato,4782965.0,9772,489.45609905853456,840.1902259178559,58.25539073890487,15.403256648888464
2011-05-01,Potato,5375955.0,9699,554.2793071450665,840.1902259178559,65.97069211791302,9.336836741559452
2011-06-01,Potato,6103735.5,10129,602.6000098726429,840.1902259178559,71.72185432344678,10.738963498095554
2011-07-01,Potato,6804661.0,10717,634.9408416534478,840.1902259178559,75.57108165115991,11.232052515111457
2011-08-01,Potato,6601805.0,10443,632.1751412429378,840.1902259178559,75.24190614718538,18.33230500166554
2011-09-01,Potato,6479750.0,10329,627.3356568883726,840.1902259178559,74.66590749767973,8.192430700159914
2011-10-01,Potato,5691661.0,9622,591.5257742673041,840.1902259178559,70.40379142962522,-12.250011301621043
2011-11-01,Potato,5833639.0,10314,565.6039363971302,840.1902259178559,67.31855703025381,-22.505047653455136
2011-12-01,Potato,5011162.0,10379,482.8174197899605,840.1902259178559,57.46525071301709,-27.019570601491615
2012-01-01,Potato,4419409.0,9303,475.05202622809844,840.1902259178559,56.54100840189298,-10.318603369642098
2012-02-01,Potato,4503621.0,9045,497.9127694859038,840.1902259178559,59.26190928274189,11.242570604101164
2012-03-01,Potato,6325516.0,10254,616.8827774527014,840.1902259178559,73.4217988288063,27.15753866587145
2012-04-01,Potato,8221115.0,9536,862.1135696308725,840.1902259178559,102.60933096300505,76.13705729464648
2012-05-01,Potato,10213178.0,9973,1024.0828236237842,840.1902259178559,121.88701939552284,84.75934613156326
2012-06-01,Potato,10824349.0,9906,1092.7063395921664,840.1902259178559,130.05463594847848,81.33194850479761
2012-07-01,Potato,12865401.5,10863,1184.3322746939152,840.1902259178559,140.9600157393054,86.52639694901316
2012-08-01,Potato,13326095.0,10872,1225.7261773362766,840.1902259178559,145.8867455875539,93.89028409537599
2012-09-01,Potato,12839865.0,10855,1182.8526024873331,840.1902259178559,140.78390416826616,88.55178874326424
2012-10-01,Potato,11723626.5,10521,1114.307242657542,840.1902259178559,132.62558981095387,88.37847666701985
2012-11-01,Potato,11220115.5,10117,1109.0358307798754,840.1902259178559,131.99818286011626,96.07993498849746
2012-12-01,Potato,9896360.0,10670,927.493908153702,840.1902259178559,110.39094237742081,92.10034065406929
2013-01-01,Potato,11148342.5,13849,804.9925987435915,840.1902259178559,95.8107549828001,69.45356598838512
2013-02-01,Potato,9664096.0,12853,751.8941881272855,840.1902259178559,89.4909468038488,51.00921972810981
2013-03-01,Potato,9647093.5,13415,719.1273574357062,840.1902259178559,85.59101680218953,16.57439366441775
2013-04-01,Potato,11078789.0,13160,841.8532674772036,840.1902259178559,100.19793631347365,-2.35007345521121
2013-05-01,Potato,13592506.0,14037,968.334116976562,840.1902259178559,115.25177121868049,-5.443769328143966
2013-06-01,Potato,14316179.5,13977,1024.266974314946,840.1902259178559,121.90893713337331,-6.263289851760534
2013-07-01,Potato,15730115.0,15065,1044.149684699635,840.1902259178559,124.27539055919938,-11.836424033154858
2013-08-01,Potato,13870814.5,14066,986.1235959050192,840.1902259178559,117.36908684313009,-19.547806505361333
2013-09-01,Potato,13680989.0,14104,970.0077283040272,840.1902259178559,115.45096555299172,-17.994200945724803
2013-10-01,Potato,15561735.0,13825,1125.6227848101266,840.1902259178559,133.9723731706654,1.0154777532987769
2013-11-01,Potato,20957393.0,12698,1650.4483383209954,840.1902259178559,196.43745992379078,48.81830618226268
2013-12-01,Potato,16685661.0,12690,1314.866903073286,840.1902259178559,156.49633410539562,41.76555678847536
2014-01-01,Potato,13318261.0,12701,1048.5994016219195,840.1902259178559,124.80499882944837,30.261992875281372
2014-02-01,Potato,9817094.5,11253,872.3979827601529,840.1902259178559,103.83338865994449,16.02669584838816
2014-03-01,Potato,12374231.0,12466,992.6384566019573,840.1902259178559,118.14448990019625,38.03374970207616
2014-04-01,Potato,13720867.5,11588,1184.0582930617882,840.1902259178559,140.92740626306116,40.64901079615411
2014-05-01,Potato,16775771.0,11859,1414.6024959946033,840.1902259178559,168.3669307684742,46.08619805852023
2014-06-01,Potato,17296027.0,11440,1511.890472027972,840.1902259178559,179.9462104401804,47.6070702210388
2014-07-01,Potato,21167826.5,12390,1708.4605730427763,840.1902259178559,203.34211471888867,63.62218923949015
2014-08-01,Potato,22634567.5,11685,1937.0618314077878,840.1902259178559,230.55038866843134,96.43195228789159
2014-09-01,Potato,24107739.5,11496,2097.054584203201,840.1902259178559,249.59283261267396,116.18947179624186
2014-10-01,Potato,24160824.0,11449,2110.299938859289,840.1902259178559,251.16930354122087,87.47843125930153
2014-11-01,Potato,25520151.0,12171,2096.7998521074687,840.1902259178559,249.56251422906575,27.04425842498941
2014-12-01,Potato,19256884.5,13924,1382.9994613616777,840.1902259178559,164.60551654845025,5.181707603191099
2015-01-01,Potato,12666428.5,13108,966.3128242294782,840.1902259178559,115.01119561035613,-7.847284412442413
2015-02-01,Potato,9477799.0,11889,797.1905963495668,840.1902259178559,94.88215546410164,-8.62076573958136
2015-03-01,Potato,9483801.0,12864,737.2357742537314,840.1902259178559,87.74629262657119,-25.729678378825994
2015-04-01,Potato,7634934.5,11799,647.0831850156793,840.1902259178559,77.01627144124188,-45.35039458721039
2015-05-01,Potato,8383613.0,11765,712.5892902677433,840.1902259178559,84.81285169549355,-49.626181751734876
2015-06-01,Potato,10026196.0,12514,801.1983378615951,840.1902259178559,95.35915952680067,-47.00685316265609
2015-07-01,Potato,10516498.0,12432,845.9216537966538,840.1902259178559,100.68215836152304,-50.48632276657907
2015-08-01,Potato,10111258.0,12111,834.882173230947,840.1902259178559,99.36823203565477,-56.89955995755778
2015-09-01,Potato,10383220.0,12143,855.0786461335749,840.1902259178559,101.77202968523639,-59.22477876471339
2015-10-01,Potato,11257626.0,12251,918.9148640927272,840.1902259178559,109.36985884224843,-56.45572237520693
2015-11-01,Potato,11583971.0,11286,1026.4018252702463,840.1902259178559,122.16302851523483,-51.04912735287434
2015-12-01,Potato,11699264.0,12453,939.4735405123264,840.1902259178559,111.81676619553741,-32.06985492334634
2016-01-01,Potato,9553225.0,11655,819.6675246675246,840.1902259178559,97.55737443530582,-15.175758396757931
2016-02-01,Potato,9164735.5,11466,799.2966596895168,840.1902259178559,95.13282052482039,0.264185672735473
2016-03-01,Potato,10881033.5,11360,957.8374559859155,840.1902259178559,114.00245163998872,29.922812950238175
2016-04-01,Potato,11977830.0,10870,1101.916283348666,840.1902259178559,131.1508095853996,70.28974154566629
2016-05-01,Potato,15745807.0,12150,1295.9511934156378,840.1902259178559,154.24497374983045,81.86509552068995
2016-06-01,Potato,17555271.0,12126,1447.7380009896092,840.1902259178559,172.31074063115233,80.69658068108751
2016-07-01,Potato,18512620.0,11803,1568.4673388121664,840.1902259178559,186.68002678782807,85.41520148734733
2016-08-01,Potato,18334475.0,11706,1566.2459422518366,840.1902259178559,186.41563469044283,87.60083667741434
2016-09-01,Potato,16318834.0,11091,1471.3582183752592,840.1902259178559,175.12203462827617,72.07285259997161
2016-10-01,Potato,15458379.0,11170,1383.9193375111906,840.1902259178559,164.71500082012312,50.603651283579644
2016-11-01,Potato,14855633.0,11494,1292.4685053071169,840.1902259178559,153.8304618927428,25.922272689530402
2016-12-01,Potato,10508590.75,11923,881.3713620733037,840.1902259178559,104.90140623933823,-6.184546550117609
2017-01-01,Potato,9260055.5,12326,751.2620071393802,840.1902259178559,89.41570420182796,-8.34552003946859
2017-02-01,Potato,7868000.0,11354,692.9716399506782,840.1902259178559,82.4779458953655,-13.302322541938306
2017-03-01,Potato,8456032.5,12896,655.709716191067,840.1902259178559,78.04300692438366,-31.542694212544053
2017-04-01,Potato,8223965.5,11840,694.5916807432433,840.1902259178559,82.67076422895123,-36.96511329949536
2017-05-01,Potato,8812297.5,11995,734.6642350979574,840.1902259178559,87.4402263243877,-43.31080994171857
2017-06-01,Potato,9459038.0,12495,757.025850340136,840.1902259178559,90.10172065654918,-47.70974790862251
2017-07-01,Potato,11271161.0,14830,760.0243425488874,840.1902259178559,90.45860319531899,-51.54350213473556
2017-08-01,Potato,11631731.0,15524,749.2740917289358,840.1902259178559,89.17910118632958,-52.16114714067939
2017-09-01,Potato,10517852.0,14967,702.7361528696465,840.1902259178559,83.6401247231781,-52.238948741820344
2017-10-01,Potato,10457828.0,14715,710.6916751614,840.1902259178559,84.58699628230183,-48.64645244140515
2017-11-01,Potato,11335312.0,15212,745.155929529319,840.1902259178559,88.68895477988717,-42.34629884832244
2017-12-01,Potato,11183426.0,15432,724.690642820114,840.1902259178559,86.25316273209847,-17.776924233687375
2018-01-01,Potato,12275003.0,18264,672.0873302671923,840.1902259178559,79.99228145423596,-10.538890043656735
2018-02-01,Potato,11158447.5,16870,661.4373147599289,840.1902259178559,78.72470951888896,-4.550593902081445
2018-03-01,Potato,14917597.0,18120,823.2669426048565,840.1902259178559,97.98577955432512,25.55356772614379
2018-04-01,Potato,16270903.0,16354,994.9188577717989,840.1902259178559,118.4159047654847,43.237946171078875
2018-05-01,Potato,22639597.5,18108,1250.2538933068256,840.1902259178559,148.80605067037058,70.18031279828416
2018-06-01,Potato,22043533.0,16331,1349.79688935154,840.1902259178559,160.6537243249849,78.30261526010884
2018-07-01,Potato,24227773.0,17384,1393.6822940635066,840.1902259178559,165.8769944081407,83.37337583024322
2018-08-01,Potato,24064012.0,17764,1354.650529160099,840.1902259178559,161.2314077660481,80.79505805869633
2018-09-01,Potato,34573159.5,17446,1981.7241488020177,840.1902259178559,235.86612741621775,182.00116654160757
2018-10-01,Potato,24348903.0,17348,1403.5567788794096,840.1902259178559,167.05226216433434,97.49165889141136
2018-11-01,Potato,21886615.0,16424,1332.5995494398442,840.1902259178559,158.6068854804948,78.83499233262312
2018-12-01,Potato,16644957.0,17715,939.5967823878069,840.1902259178559,111.83143452559871,29.654879871415396
2019-01-01,Potato,11827511.0,15214,777.4096884448534,840.1902259178559,92.52781863721175,15.670933438931156
2019-02-01,Potato,10266860.0,13769,745.650374028615,840.1902259178559,88.7478038933431,12.731827701503606
2019-03-01,Potato,11491561.0,15005,765.8487837387537,840.1902259178559,91.15183206304397,-6.974427842860898
2019-04-01,Potato,12069236.0,14007,861.6574569857928,840.1902259178559,102.5550441323553,-13.39419790317934
2019-05-01,Potato,13900388.0,14199,978.9695048947109,840.1902259178559,116.51760216863356,-21.698343821556787
2019-06-01,Potato,14055715.0,13609,1032.8249687706664,840.1902259178559,122.92751533051565,-23.482934586784467
2019-07-01,Potato,15368613.0,14286,1075.7813943721126,840.1902259178559,128.04021770151968,-22.810141238467065
2019-08-01,Potato,14764650.0,13821,1068.2765357065334,840.1902259178559,127.14698442718819,-21.14006434051454
2019-09-01,Potato,14753746.0,14021,1052.2606090863706,840.1902259178559,125.24075817911842,-46.90176179553153
2019-10-01,Potato,15749173.0,13350,1179.7133333333334,840.1902259178559,140.41026626375825,-15.948299984329195
2019-11-01,Potato,18048075.0,13791,1308.6850119643245,840.1902259178559,155.76056131034696,-1.7945779349521906
2019-12-01,Potato,21574978.0,14034,1537.33632606527,840.1902259178559,182.97479292690238,63.61660181066411
2020-01-01,Potato,24623653.0,15424,1596.450531639004,840.1902259178559,190.0106050263773,105.35511138696734
2020-02-01,Potato,17942756.0,13645,1314.9692927812384,840.1902259178559,156.50852059659653,76.3519926472638
2020-03-01,Potato,17750154.0,12488,1421.3768417680974,840.1902259178559,169.17321791209022,85.59497278681549
2020-04-01,Potato,21198511.0,12420,1706.804428341385,840.1902259178559,203.1449992740402,98.08386900196318
2020-05-01,Potato,23015156.0,13327,1726.957004577174,840.1902259178559,205.54357231311283,76.40559751275502
2020-06-01,Potato,24657405.9,13477,1829.5915930845142,840.1902259178559,217.75920936068957,77.14439991339579
2020-07-01,Potato,28518341.5,13763,2072.1021216304584,840.1902259178559,246.62297390651207,92.61367899375648
2020-08-01,Potato,29691484.5,12918,2298.458313980492,840.1902259178559,273.56403860442066,115.15574265237842
2020-09-01,Potato,34566844.99999999,13314,2596.2779780681985,840.1902259178559,309.01073328149295,146.7333620254423
2020-10-01,Potato,38151626.0,13483,2829.609582437143,840.1902259178559,336.78201616139603,139.85569226737087
2020-11-01,Potato,41776188.0,12944,3227.4558096415326,840.1902259178559,384.13393896789705,146.6182297600513
2020-12-01,Potato,32408153.0,14953,2167.334514813081,840.1902259178559,257.9575967389292,40.97985444474974
2021-01-01,Potato,19745073.0,15861,1244.8819746548138,840.1902259178559,148.1666813363435,-22.02188855944385
2021-02-01,Potato,14090362.0,14714,957.6160119613974,840.1902259178559,113.97609522477616,-27.175789030329177
2021-03-01,Potato,15252382.5,16262,937.9155392940597,840.1902259178559,111.63133185338415,-34.01359078516042
2021-04-01,Potato,15067893.0,14461,1041.9675679413594,840.1902259178559,124.01567357000307,-38.95214058274337
2021-05-01,Potato,15685849.0,13450,1166.234126394052,840.1902259178559,138.8059620807911,-32.4688383495922
2021-06-01,Potato,17350469.0,14518,1195.1004959360794,840.1902259178559,142.2416565999094,-34.679384161289484
2021-07-01,Potato,17777680.0,15154,1173.1344859443052,840.1902259178559,139.62724746800384,-43.38433064190822
2021-08-01,Potato,17546978.5,14988,1170.735154790499,840.1902259178559,139.34167747685274,-49.0643294390226
2021-09-01,Potato,17358707.0,15263,1137.3063617899495,840.1902259178559,135.36296028051416,-56.19473833706435
2021-10-01,Potato,18537778.0,14488,1279.5263666482606,840.1902259178559,152.29007993403604,-54.78081589099637
2021-11-01,Potato,22627386.0,14293,1583.1096340866159,840.1902259178559,188.42276251871016,-50.948681331055965
2021-12-01,Potato,20413632.0,15769,1294.5419493943814,840.1902259178559,154.07724458829242,-40.270320961227924
2022-01-01,Potato,22946366.16,19584,1171.6894485294117,840.1902259178559,139.45525815292763,-5.879475132226675
2022-02-01,Potato,21951257.0,18918,1160.3370863727666,840.1902259178559,138.10409245182186,21.169348870446946
2022-03-01,Potato,25919197.0,21132,1226.5378099564641,840.1902259178559,145.98334664230916,30.7727357710313
2022-04-01,Potato,26357673.0,20554,1282.362216600175,840.1902259178559,152.6276046831268,23.071221797600572
2022-05-01,Potato,29549262.0,20315,1454.553876445976,840.1902259178559,173.12197066526997,24.72228719145757
2022-06-01,Potato,31343524.0,19130,1638.4487192890747,840.1902259178559,195.00925727851342,37.097149976976326
2022-07-01,Potato,34986293.0,19605,1784.5597041571027,840.1902259178559,212.39948396300153,52.11893653613255
2022-08-01,Potato,36381509.0,19666,1849.969948133835,840.1902259178559,220.18465474444875,58.017801085411456
2022-09-01,Potato,35956591.0,19660,1828.9212105798576,840.1902259178559,217.6794199887144,60.8116574413081
2022-10-01,Potato,35483303.0,18759,1891.5348899195053,840.1902259178559,225.13174178539393,47.83086454673149
2022-11-01,Potato,35289622.0,19616,1799.022328711256,840.1902259178559,214.12083516514792,13.638518140230516
2022-12-01,Potato,32079682.0,20594,1557.7198213071767,840.1902259178559,185.40085009980496,20.329806387187087
2023-01-01,Potato,24633314.0,19670,1252.329130655821,840.1902259178559,149.0530468011252,6.8823426060224735
2023-02-01,Potato,19648404.0,18666,1052.6306653809065,840.1902259178559,125.28480252563908,-9.282338921748345
2023-03-01,Potato,18875902.0,18543,1017.9529741681497,840.1902259178559,121.15744063269707,-17.005984984329025
2023-04-01,Potato,19447161.0,18040,1078.0022727272728,840.1902259178559,128.30454812178064,-15.936210629685066
2023-05-01,Potato,23981464.0,19198,1249.164704656735,840.1902259178559,148.67641471216828,-14.120423802457161
2023-06-01,Potato,25341585.5,19196,1320.1492758908105,840.1902259178559,157.12504563459174,-19.42687858649459
2023-07-01,Potato,28444486.5,19471,1460.8641826305789,840.1902259178559,173.87302750810687,-18.138677051402674
2023-08-01,Potato,28222430.0,18947,1489.5461022853221,840.1902259178559,177.2867686788531,-19.482686527534764
2023-09-01,Potato,26992353.0,18548,1455.2702717274099,840.1902259178559,173.2072365085677,-20.430127699923297
2023-10-01,Potato,26530466.0,18482,1435.4759225192079,840.1902259178559,170.8512998887888,-24.11052367211185
2023-11-01,Potato,25351378.0,17621,1438.702570796209,840.1902259178559,171.23533771468425,-20.028642900344927
2023-12-01,Potato,24424899.0,18869,1294.4458635857757,840.1902259178559,154.06580839138823,-16.90123949892811
2024-01-01,Potato,19407451.0,16454,1179.4974474291967,840.1902259178559,140.3845713797335,-5.815698241282952
2024-02-01,Potato,18852689.0,15892,1186.3005914925748,840.1902259178559,141.19428611498245,12.69865400161967
2024-03-01,Potato,22807557.0,15930,1431.7361581920904,840.1902259178559,170.40619064902918,40.64855592784882
2024-04-01,Potato,26789769.0,15054,1779.5781187724192,840.1902259178559,211.80657235429513,65.08111010473168
2024-05-01,Potato,33982172.0,16886,2012.446523747483,840.1902259178559,239.5227249339886,61.10337702028612
2024-06-01,Potato,30899708.0,14713,2100.1636647862433,840.1902259178559,249.9628774533701,59.08531733042801
2024-07-01,Potato,55669161.0,19558,2846.362664894161,840.1902259178559,338.7759791878899,94.84101935942559
2024-08-01,Potato,65865613.0,21002,3136.1590800876106,840.1902259178559,373.2677414405233,110.54461323996536
2024-09-01,Potato,73261602.0,23860,3070.477870913663,840.1902259178559,365.45032020092304,110.99021470898305
2024-10-01,Potato,73700235.0,23727,3106.175875584777,840.1902259178559,369.69912048089725,116.38648387313606
2024-11-01,Potato,69734039.0,22100,3155.386380090498,840.1902259178559,375.55618748640325,119.32166134548842
2024-12-01,Potato,62422577.0,21253,2937.118383287065,840.1902259178559,349.5777852067304,126.90160059308182
2025-01-01,Potato,52394212.0,22107,2370.0281358845614,840.1902259178559,282.0823264511858,100.93541881334431
2025-02-01,Potato,40530033.0,21332,1899.9640446277892,840.1902259178559,226.1349853900283,60.158737022738904
2025-03-01,Potato,39849564.0,22353,1782.73896121326,840.1902259178559,212.18277792576413,24.51588590626883
2025-04-01,Potato,45948685.0,26130,1758.464791427478,840.1902259178559,209.2936500786431,-1.186423182113805
2025-05-01,Potato,48982636.0,25886,1892.2443019392722,840.1902259178559,225.21617647623935,-5.972939921125253
2025-06-01,Potato,42097041.0,21251,1980.9440026351701,840.1902259178559,235.77327390009938,-5.6766843532267135
2025-07-01,Potato,41061480.0,21245,1932.7597081666274,840.1902259178559,230.03834709636226,-32.0972084125304
2025-08-01,Potato,32346171.0,19264,1679.0994082225914,840.1902259178559,199.84752933638083,-46.46000520561334
2025-09-01,Potato,31926946.0,19254,1658.1980887088398,840.1902259178559,197.35984037392973,-45.99543919802228
2025-10-01,Potato,32260760.0,18452,1748.3611532625189,840.1902259178559,208.09110833829834,-43.71338831760877
2025-11-01,Potato,35923896.875,17291,2077.6066667630557,840.1902259178559,247.27812853254738,-34.15682212891249
2025-12-01,Potato,29344341.44,16690,1758.1990077890953,840.1902259178559,209.26201633307167,-40.138640042781894
2026-01-01,Potato,24795211.919999998,15731,1576.200617888246,840.1902259178559,187.60044681147585,-33.494434347718695
2026-02-01,Potato,27044237.44,17948,1506.8106440829063,840.1902259178559,179.34160593653763,-20.692675824920848
2026-03-01,Potato,43336696.6,24401,1776.0213351911807,840.1902259178559,211.38324160471961,-0.3768148993337439
2026-04-01,Potato,35552822.39,22348,1590.872668247718,840.1902259178559,189.34672401238518,-9.53059304893521
2026-05-01,Potato,34591676.69,21450,1612.6655799533798,840.1902259178559,191.9405308710468,-14.774980254894432
2026-06-01,Potato,35499887.95989,21340,1663.5373926846298,840.1902259178559,197.99532788748147,-16.022997597524558
2026-07-01,Potato,31039335.98,17508,1772.8658887365775,840.1902259178559,211.0076782671247,-8.27282453966932
2001-03-01,Rice,16354.999999999998,31,527.5806451612902,2548.99909159767,20.69756112900815,
2001-04-01,Rice,11206.0,12,933.8333333333334,2548.99909159767,36.63529486579857,
2001-05-01,Rice,10100.0,7,1442.857142857143,2548.99909159767,56.60485119878109,
2001-06-01,Rice,34430.0,22,1565.0,2548.99909159767,61.39664800818286,
2001-07-01,Rice,71020.0,56,1268.2142857142858,2548.99909159767,49.75342242744348,
2001-08-01,Rice,75255.0,58,1297.5,2548.99909159767,50.902332773557355,
2001-09-01,Rice,116139.0,66,1759.6818181818182,2548.99909159767,69.0342269631363,
2001-10-01,Rice,103634.0,44,2355.318181818182,2548.99909159767,92.40168776764483,
2001-11-01,Rice,73464.0,34,2160.705882352941,2548.99909159767,84.76683610736976,
2001-12-01,Rice,48700.0,39,1248.7179487179487,2548.99909159767,48.98855997376104,
2002-01-01,Rice,198543.0,178,1115.4101123595506,2548.99909159767,43.75874891585113,
2002-02-01,Rice,269142.0,220,1223.3727272727272,2548.99909159767,47.994239437172084,
2002-03-01,Rice,366042.0,258,1418.7674418604652,2548.99909159767,55.6597860916147,168.91953957612
2002-04-01,Rice,1014809.5,794,1278.0976070528968,2548.99909159767,50.14115584685464,36.86570841187542
2002-05-01,Rice,1118301.0,869,1286.8826237054086,2548.99909159767,50.485801581781345,-10.81011518873406
2002-06-01,Rice,1177818.0,920,1280.236956521739,2548.99909159767,50.22508484768851,-18.19572162800389
2002-07-01,Rice,1323486.0,1076,1230.0055762081784,2548.99909159767,48.25445329747966,-3.012796018504671
2002-08-01,Rice,1109947.0,956,1161.0324267782428,2548.99909159767,45.54856181021732,-10.517732040212502
2002-09-01,Rice,1128132.0,1029,1096.338192419825,2548.99909159767,43.0105368037875,-37.69679375600923
2002-10-01,Rice,1219559.0,1092,1116.812271062271,2548.99909159767,43.81375712308598,-52.58338004251508
2002-11-01,Rice,1315052.0,1208,1088.6192052980132,2548.99909159767,42.70771256398074,-49.61742761062228
2002-12-01,Rice,1409502.0,1362,1034.876651982379,2548.99909159767,40.599333887315574,-17.124867705723247
2003-01-01,Rice,2192139.0,2170,1010.2023041474654,2548.99909159767,39.63133245034965,-9.432208570310296
2003-02-01,Rice,2108575.0,2035,1036.1547911547912,2548.99909159767,40.64947667381657,-15.30342568084725
2003-03-01,Rice,2078680.0,2021,1028.5403265710045,2548.99909159767,40.35075296658237,-27.504656772906067
2003-04-01,Rice,1889973.0,1803,1048.2379367720466,2548.99909159767,41.12351158646466,-17.98451612869163
2003-05-01,Rice,2387160.5,2293,1041.064326210205,2548.99909159767,40.84208306083323,-19.101842931673307
2003-06-01,Rice,2422934.5,2340,1035.442094017094,2548.99909159767,40.62151679183597,-19.121058899106103
2003-07-01,Rice,2959193.5,2872,1030.3598537604457,2548.99909159767,40.4221349923916,-16.231285964019293
2003-08-01,Rice,2894191.5,2731,1059.7552178689125,2548.99909159767,41.57534702002093,-8.723030173271319
2003-09-01,Rice,3312710.5,3018,1097.650927766733,2548.99909159767,43.062036835750455,0.11973817531711894
2003-10-01,Rice,3157979.5,2728,1157.6171187683285,2548.99909159767,45.414575571415895,3.653689054405307
2003-11-01,Rice,3090083.5,2818,1096.5519872249822,2548.99909159767,43.01892420595888,0.7287012656365333
2003-12-01,Rice,3007195.5,2810,1070.176334519573,2548.99909159767,41.98417873302593,3.411003859211159
2004-01-01,Rice,3315786.0,3100,1069.608387096774,2548.99909159767,41.961897539412675,5.880612497656412
2004-02-01,Rice,2754954.5,2635,1045.5235294117647,2548.99909159767,41.01702244061798,0.9041832684605122
2004-03-01,Rice,3251646.0,2930,1109.7767918088737,2548.99909159767,43.537747638555814,7.898228502979476
2004-04-01,Rice,2433915.0,2174,1119.5561177552897,2548.99909159767,43.92140120589728,6.803625253524115
2004-05-01,Rice,2497554.0,2166,1153.0720221606648,2548.99909159767,45.236266500116265,10.758960145930875
2004-06-01,Rice,3207819.0,2897,1107.2899551259925,2548.99909159767,43.4401863372953,6.938858437767204
2004-07-01,Rice,3179000.5,2817,1128.505679801207,2548.99909159767,44.27250223513726,9.525393063652853
2004-08-01,Rice,3291870.5,3048,1080.0100065616798,2548.99909159767,42.369964356666266,1.91127048503692
2004-09-01,Rice,3318419.5,2941,1128.330329819789,2548.99909159767,44.26562306511339,2.795005340675627
2004-10-01,Rice,3391091.5,3018,1123.6221007289596,2548.99909159767,44.08091412950218,-2.936637467450265
2004-11-01,Rice,3070685.5,2714,1131.4242815033163,2548.99909159767,44.387002146562494,3.180177017104735
2004-12-01,Rice,3760346.0,3323,1131.611796569365,2548.99909159767,44.394358566055416,5.7406859101749586
2005-01-01,Rice,2310499.0,2058,1122.6914480077746,2548.99909159767,44.04440361350189,4.962850100220617
2005-02-01,Rice,2196056.0,1889,1162.5494970884065,2548.99909159767,45.60807812449003,11.19304964303225
2005-03-01,Rice,2417020.0,2123,1138.4926990108338,2548.99909159767,44.664303834539446,2.5875389910753777
2005-04-01,Rice,2376540.0,2017,1178.2548339117502,2548.99909159767,46.224215528191486,5.2430347372091735
2005-05-01,Rice,2685431.5,2202,1219.5420072661218,2548.99909159767,47.843956135022914,5.7645995937793515
2005-06-01,Rice,2836951.0,2392,1186.016304347826,2548.99909159767,46.52870643451076,7.109822396327581
2005-07-01,Rice,3115388.0,2574,1210.3294483294483,2548.99909159767,47.48253745240976,7.250629748062498
2005-08-01,Rice,3481857.5,2902,1199.8130599586493,2548.99909159767,47.069968126454945,11.092772536281847
2005-09-01,Rice,3431920.0,2847,1205.4513523006674,2548.99909159767,47.29116445251891,6.8349684877473615
2005-10-01,Rice,3422958.0,2838,1206.1162790697674,2548.99909159767,47.31725025110911,7.341808094312929
2005-11-01,Rice,3566897.0,2954,1207.480365605958,2548.99909159767,47.3707648459431,6.722154133159175
2005-12-01,Rice,4511819.0,3742,1205.7239444147515,2548.99909159767,47.30185853691395,6.549255501760198
2006-01-01,Rice,7056135.0,5973,1181.338523355098,2548.99909159767,46.345192010823936,5.223792828509843
2006-02-01,Rice,7119768.0,5997,1187.2216108054026,2548.99909159767,46.57599191458605,2.1222420016340893
2006-03-01,Rice,7552387.0,6270,1204.527432216906,2548.99909159767,47.254918065189585,5.800189431468961
2006-04-01,Rice,6385964.0,5330,1198.1170731707316,2548.99909159767,47.00343272463749,1.6857337383492599
2006-05-01,Rice,7136494.0,5830,1224.0984562607205,2548.99909159767,48.02271057277921,0.3736196840658845
2006-06-01,Rice,7084005.5,5758,1230.2892497394928,2548.99909159767,48.26558211789585,3.73291203749615
2006-07-01,Rice,7893977.0,6414,1230.7416588712192,2548.99909159767,48.28333061899253,1.6865003631816977
2006-08-01,Rice,8161294.5,6582,1239.9414311759344,2548.99909159767,48.644247668160595,3.3445519603418905
2006-09-01,Rice,7335530.0,5828,1258.6702127659576,2548.99909159767,49.37899809046397,4.414849289746869
2006-10-01,Rice,6081507.0,4746,1281.396333754741,2548.99909159767,50.27056847445101,6.2415254641148055
2006-11-01,Rice,6373113.0,5011,1271.824585910996,2548.99909159767,49.89505842129734,5.328800545154011
2006-12-01,Rice,6157395.0,4823,1276.6732324279494,2548.99909159767,50.08527608488679,5.884372483590039
2007-01-01,Rice,6130191.5,4889,1253.87430967478,2548.99909159767,49.19084960869377,6.140135523023038
2007-02-01,Rice,5985642.0,4704,1272.4579081632653,2548.99909159767,49.9199043404017,7.179476567987919
2007-03-01,Rice,6917520.0,5383,1285.0678060561027,2548.99909159767,50.414604316341425,6.686470700875957
2007-04-01,Rice,5894450.0,4639,1270.6294460012934,2548.99909159767,49.84817178592575,6.052194268349997
2007-05-01,Rice,6218606.5,4857,1280.3389952645666,2548.99909159767,50.22908793828057,4.594445709509798
2007-06-01,Rice,6468479.5,5017,1289.3122383894759,2548.99909159767,50.581118001943125,4.797488774487846
2007-07-01,Rice,6983657.5,5335,1309.026710402999,2548.99909159767,51.35453812902393,6.360802932727516
2007-08-01,Rice,7234418.5,5537,1306.5592378544338,2548.99909159767,51.257736503762516,5.37265753071261
2007-09-01,Rice,7056294.5,5402,1306.2374120696038,2548.99909159767,51.24511092904611,3.7791630262796305
2007-10-01,Rice,7388070.0,5555,1329.985598559856,2548.99909159767,52.176778051585856,3.7918997834759605
2007-11-01,Rice,7343633.0,5493,1336.9075186601128,2548.99909159767,52.44833248732785,5.117288458651581
2007-12-01,Rice,7346388.0,5452,1347.4666177549523,2548.99909159767,52.862577401327464,5.545145267310847
2008-01-01,Rice,7487913.0,5451,1373.6769400110072,2548.99909159767,53.8908367813505,9.55459645451231
2008-02-01,Rice,8240173.0,5899,1396.8762502119002,2548.99909159767,54.80097089153381,9.777796283118501
2008-03-01,Rice,8427823.0,5869,1435.9896064065429,2548.99909159767,56.3354302926208,11.744267472828685
2008-04-01,Rice,8732492.5,6031,1447.9344221522135,2548.99909159767,56.80403837432019,13.954105715785502
2008-05-01,Rice,9259319.0,6346,1459.079577686732,2548.99909159767,57.24127491831334,13.960410725850835
2008-06-01,Rice,8713059.0,5904,1475.78912601626,2548.99909159767,57.89680862896111,14.463283762800462
2008-07-01,Rice,9566340.0,6241,1532.8216631950008,2548.99909159767,60.13425694217308,17.096286195955756
2008-08-01,Rice,8190992.0,5189,1578.529967238389,2548.99909159767,61.92744330281393,20.815797822574964
2008-09-01,Rice,8223646.0,5250,1566.4087619047618,2548.99909159767,61.45191526619819,19.91761585077727
2008-10-01,Rice,7838722.0,4991,1570.5714285714287,2548.99909159767,61.61522119598013,18.08935602551527
2008-11-01,Rice,7785296.0,5049,1541.9481085363439,2548.99909159767,60.492297295009095,15.336931464169545
2008-12-01,Rice,8003144.0,5210,1536.1120921305182,2548.99909159767,60.26334403939347,14.0000109754016
2009-01-01,Rice,8874415.0,5587,1588.4043314838016,2548.99909159767,62.31482532574056,15.631578664418267
2009-02-01,Rice,9259479.0,5634,1643.5,2548.99909159767,64.47628817983932,17.655375682039676
2009-03-01,Rice,9701465.0,5823,1666.0595912759745,2548.99909159767,65.3613254225099,16.021702653208237
2009-04-01,Rice,9334019.0,5581,1672.4635370005376,2548.99909159767,65.61255916149682,15.506856623698706
2009-05-01,Rice,9829775.0,5696,1725.732970505618,2548.99909159767,67.70237683466404,18.27545233973091
2009-06-01,Rice,10685386.5,6080,1757.464884868421,2548.99909159767,68.94725426390292,19.086450353006445
2009-07-01,Rice,10700969.5,6126,1746.8118674502123,2548.99909159767,68.52932483217715,13.960541489815071
2009-08-01,Rice,9810074.0,5595,1753.3644325290438,2548.99909159767,68.78638906968241,11.07577739537784
2009-09-01,Rice,9612712.0,5452,1763.1533382245048,2548.99909159767,69.17041846097284,12.560232112114878
2009-10-01,Rice,12017757.0,6597,1821.7003183265122,2548.99909159767,71.46728001321887,15.989650975855785
2009-11-01,Rice,11967471.0,6550,1827.0948091603054,2548.99909159767,71.67891174159315,18.492626246328726
2009-12-01,Rice,12226631.0,6626,1845.2506791427709,2548.99909159767,72.39118621992911,20.124741455780825
2010-01-01,Rice,13166193.0,7076,1860.6830130016958,2548.99909159767,72.99661342113114,17.141648138389677
2010-02-01,Rice,12713336.0,6847,1856.7746458302906,2548.99909159767,72.84328393646054,12.97685706299303
2010-03-01,Rice,14265451.0,7718,1848.3351904638507,2548.99909159767,72.51219494571671,10.940520983902967
2010-04-01,Rice,13285541.0,7209,1842.9103897905395,2548.99909159767,72.29937412945229,10.191364356779232
2010-05-01,Rice,13956939.0,7492,1862.9123064602243,2548.99909159767,73.08407102226866,7.949047639416351
2010-06-01,Rice,14380129.0,7601,1891.8733061439284,2548.99909159767,74.22024246223383,7.647858141163955
2010-07-01,Rice,14473793.0,7421,1950.3831020078158,2548.99909159767,76.5156452364739,11.653872884133332
2010-08-01,Rice,14989514.0,7636,1963.0060240963855,2548.99909159767,77.01085616574332,11.956532690979472
2010-09-01,Rice,14256417.0,7195,1981.4339124391938,2548.99909159767,77.73380221949252,12.380124262731318
2010-10-01,Rice,13862503.0,7001,1980.0747036137695,2548.99909159767,77.68047898254416,8.693767229109707
2010-11-01,Rice,12695143.0,6452,1967.6291072535648,2548.99909159767,77.19222473399502,7.69168066094208
2010-12-01,Rice,13888004.0,7126,1948.9200112264946,2548.99909159767,76.4582465976849,5.618170650498522
2011-01-01,Rice,13686808.0,6947,1970.1753274794876,2548.99909159767,77.29211571607954,5.88452271089186
2011-02-01,Rice,13625355.0,6969,1955.1377529057254,2548.99909159767,76.70217534994404,5.297525324159635
2011-03-01,Rice,14029342.0,7095,1977.356166314306,2548.99909159767,77.57382781470244,6.980388433662665
2011-04-01,Rice,13476039.0,6952,1938.4405926352129,2548.99909159767,76.04712763629236,5.183659681658792
2011-05-01,Rice,14345165.0,7296,1966.1684484649122,2548.99909159767,77.13492150491709,5.5427269252887434
2011-06-01,Rice,15172606.0,7712,1967.4022302904564,2548.99909159767,77.1833241045732,3.9922823532233975
2011-07-01,Rice,15393411.0,7849,1961.1939100522359,2548.99909159767,76.93976496566707,0.5542915149998606
2011-08-01,Rice,14392577.8,7307,1969.6972492130835,2548.99909159767,77.27336018697873,0.34086625484393007
2011-09-01,Rice,13912863.650000002,7080,1965.0937358757064,2548.99909159767,77.09275936399092,-0.8246642222536793
2011-10-01,Rice,12987328.98,6626,1960.0556866888019,2548.99909159767,76.89511122815942,-1.0110233158593385
2011-11-01,Rice,14382360.8,7369,1951.738471977202,2548.99909159767,76.56881787093478,-0.8076031818081475
2011-12-01,Rice,14226808.0,7258,1960.1554147147974,2548.99909159767,76.89902366682308,0.5764938234295469
2012-01-01,Rice,12570488.0,6435,1953.4557886557886,2548.99909159767,76.63619006750588,-0.8486320273378145
2012-02-01,Rice,11623397.0,5937,1957.7896243894222,2548.99909159767,76.80621114550152,0.13563604302333498
2012-03-01,Rice,14112404.0,7017,2011.1734359412856,2548.99909159767,78.90051599354301,1.7102265238342795
2012-04-01,Rice,13202695.0,6626,1992.5588590401449,2548.99909159767,78.17024594509535,2.791845497383072
2012-05-01,Rice,14350951.0,7045,2037.0405961674946,2548.99909159767,79.91531275480807,3.604581680573493
2012-06-01,Rice,14645936.0,7160,2045.5217877094972,2548.99909159767,80.24803910100252,3.970695784334244
2012-07-01,Rice,15425301.0,7306,2111.319600328497,2548.99909159767,82.82935867996552,7.654811158997665
2012-08-01,Rice,15333233.5,7182,2134.9531467557786,2548.99909159767,83.7565283484517,8.389913607724075
2012-09-01,Rice,15633482.5,7212,2167.7041735995563,2548.99909159767,85.04138666604528,10.310471914132924
2012-10-01,Rice,14922489.16,6785,2199.3351746499634,2548.99909159767,86.28230515654899,12.207790298314736
2012-11-01,Rice,14617090.0,6623,2207.019477578137,2548.99909159767,86.58376869780734,13.079672777179185
2012-12-01,Rice,15468891.5,6926,2233.4524256425066,2548.99909159767,87.62076192983717,13.94261949211173
2013-01-01,Rice,24064694.0,10576,2275.4060136157336,2548.99909159767,89.26664670521899,16.4810602230975
2013-02-01,Rice,22456386.0,9638,2329.984021581241,2548.99909159767,91.40780117425801,19.010949519558086
2013-03-01,Rice,23504744.0,9949,2362.523268670218,2548.99909159767,92.684351142292,17.46989227532685
2013-04-01,Rice,23662755.0,10101,2342.6150876150878,2548.99909159767,91.90333159933672,17.56817506227002
2013-05-01,Rice,26479312.480000004,11079,2390.045354273852,2548.99909159767,93.7640724216897,17.32929421095011
2013-06-01,Rice,27636226.87,11230,2460.928483526269,2548.99909159767,96.54489448969555,20.308104187046027
2013-07-01,Rice,30365645.07,11860,2560.341068296796,2548.99909159767,100.44495805182956,21.2673376355923
2013-08-01,Rice,25344148.68,10036,2525.3237026703864,2548.99909159767,99.07118880484009,18.284736435916884
2013-09-01,Rice,25168476.52,9917,2537.9123242916203,2548.99909159767,99.56505408956028,17.078352074089477
2013-10-01,Rice,23102305.650000002,9077,2545.1476974771404,2548.99909159767,99.84890562993039,15.72350257537327
2013-11-01,Rice,22056484.0,8623,2557.8666357416214,2548.99909159767,100.34788337795732,15.89687638590689
2013-12-01,Rice,20996760.0,8214,2556.2162162162163,2548.99909159767,100.28313562928822,14.451339409249275
2014-01-01,Rice,23661911.0,9456,2502.317153130288,2548.99909159767,98.16861690452299,9.97233628445857
2014-02-01,Rice,22154013.000000004,8714,2542.3471425292637,2548.99909159767,99.73903682075317,9.114359539852245
2014-03-01,Rice,24506848.0,9537,2569.66006081577,2548.99909159767,100.81055223935564,8.767608551942097
2014-04-01,Rice,22644165.0,8827,2565.3296703296705,2548.99909159767,100.64066632215882,9.507092475073176
2014-05-01,Rice,24920667.0,9710,2566.4950566426364,2548.99909159767,100.6863856916481,7.382692636073163
2014-06-01,Rice,24222735.0,9324,2597.890926640927,2548.99909159767,101.9180797358626,5.565478396934331
2014-07-01,Rice,25759341.0,9891,2604.321201091902,2548.99909159767,102.17034637935305,1.7177450824691354
2014-08-01,Rice,24723178.5,9340,2647.0212526766595,2548.99909159767,103.8455157321202,4.81908714821726
2014-09-01,Rice,23003498.0,8804,2612.8462062698773,2548.99909159767,102.50479158202401,2.952579616759299
2014-10-01,Rice,22804742.47,8681,2626.971831586223,2548.99909159767,103.05895518933595,3.21490710304122
2014-11-01,Rice,24454627.0,9344,2617.1475813356165,2548.99909159767,102.6735391927987,2.317593293006359
2014-12-01,Rice,25827635.0,10251,2519.523461125744,2548.99909159767,98.84363903584402,-1.4354323729620089
2015-01-01,Rice,27417637.0,10919,2511.0025643373933,2548.99909159767,98.50935500975557,0.347094739619247
2015-02-01,Rice,25357997.12,10082,2515.175274747074,2548.99909159767,98.6730549664733,-1.0687709529375256
2015-03-01,Rice,26431346.97,10496,2518.2304658917683,2548.99909159767,98.79291342992921,-2.0014162849102624
2015-04-01,Rice,24351380.75,9799,2485.088350852128,2548.99909159767,97.49271229808544,-3.127914529099529
2015-05-01,Rice,25465289.67,10215,2492.9309515418504,2548.99909159767,97.80038603228074,-2.8663256105008306
2015-06-01,Rice,27880833.0,11002,2534.1604253772043,2548.99909159767,99.41786302437774,-2.4531630874174537
2015-07-01,Rice,27508948.5,10633,2587.1295495156587,2548.99909159767,101.49589923525978,-0.6601202481873569
2015-08-01,Rice,26756035.0,10471,2555.251169897813,2548.99909159767,100.24527581515238,-3.46691900135101
2015-09-01,Rice,27601744.5,10674,2585.8857504215853,2548.99909159767,101.44710364729065,-1.0318424323481623
2015-10-01,Rice,26672302.5,10304,2588.5386743012423,2548.99909159767,101.55118072948349,-1.46302129405681
2015-11-01,Rice,25388673.0,9815,2586.7216505348956,2548.99909159767,101.47989691567845,-1.1625607595729615
2015-12-01,Rice,27965838.0,10642,2627.8742717534296,2548.99909159767,103.09435889623335,4.300448568923976
2016-01-01,Rice,25777476.0,9846,2618.0658135283365,2548.99909159767,102.70956243799117,4.263765028021593
2016-02-01,Rice,25380149.0,9705,2615.1621844410097,2548.99909159767,102.59564991848897,3.975345603061009
2016-03-01,Rice,24269175.0,9369,2590.369836695485,2548.99909159767,101.62301921700116,2.864685015164836
2016-04-01,Rice,22486271.0,8840,2543.695814479638,2548.99909159767,99.79194668466091,2.3583653920157044
2016-05-01,Rice,27263201.0,10459,2606.6737737833446,2548.99909159767,102.26264035855442,4.562614226083772
2016-06-01,Rice,27890273.0,10367,2690.2935275393074,2548.99909159767,105.5431340249351,6.161137258658855
2016-07-01,Rice,27576952.0,10196,2704.6834052569634,2548.99909159767,106.10766454066145,4.543794715008076
2016-08-01,Rice,26588805.0,9629,2761.325682833108,2548.99909159767,108.32980254623611,8.064745859935796
2016-09-01,Rice,24945377.0,9213,2707.6280256159775,2548.99909159767,106.22318519222704,4.707952591275322
2016-10-01,Rice,24599959.0,9020,2727.268181818182,2548.99909159767,106.99368982939792,5.359375499938723
2016-11-01,Rice,25718613.0,9423,2729.3444762814393,2548.99909159767,107.07514511394871,5.513651834825417
2016-12-01,Rice,26139918.0,9662,2705.4355205961497,2548.99909159767,106.13717084145479,2.9514824843948073
2017-01-01,Rice,17586366.0,6610,2660.5697428139183,2548.99909159767,104.37703770017107,1.6234858980989308
2017-02-01,Rice,16593938.0,6203,2675.147186845075,2548.99909159767,104.94892664588347,2.2937392855000738
2017-03-01,Rice,18221365.0,6738,2704.269070940932,2548.99909159767,106.09140975589526,4.397025962545453
2017-04-01,Rice,17715206.0,6507,2722.484401413862,2548.99909159767,106.80601693378614,7.028693679350151
2017-05-01,Rice,18706785.0,6805,2748.9764878765614,2548.99909159767,107.84533022934697,5.459168520603863
2017-06-01,Rice,18986199.0,6873,2762.432562199913,2548.99909159767,108.37322662474809,2.6814559051698827
2017-07-01,Rice,19822747.0,7176,2762.3671962095873,2548.99909159767,108.37066224602621,2.132737267530338
2017-08-01,Rice,20277440.0,7313,2772.7936551346916,2548.99909159767,108.77970354225394,0.41530676272192313
2017-09-01,Rice,19084743.0,6943,2748.774737145326,2548.99909159767,107.83741532926322,1.5196589465049426
2017-10-01,Rice,18430682.0,6655,2769.4488354620585,2548.99909159767,108.64848263740313,1.5466265446530514
2017-11-01,Rice,19605402.0,7018,2793.588201766885,2548.99909159767,109.59549616849453,2.353815212544119
2017-12-01,Rice,19391743.0,7027,2759.6048100185,2548.99909159767,108.26229083859052,2.00223915927642
2018-01-01,Rice,31115461.0,11374,2735.665640935467,2548.99909159767,107.32313126172193,2.822549505585381
2018-02-01,Rice,28768834.0,10441,2755.371516138301,2548.99909159767,108.09621412659196,2.998875339933682
2018-03-01,Rice,29378018.0,10654,2757.4636756147925,2548.99909159767,108.17829181282526,1.9670603508160411
2018-04-01,Rice,26776581.0,9805,2730.9108618052014,2548.99909159767,107.13659611755735,0.309513633465186
2018-05-01,Rice,32016957.0,11488,2786.9913823119778,2548.99909159767,109.33669578380031,1.3828744844878837
2018-06-01,Rice,28862236.0,10322,2796.1863979848868,2548.99909159767,109.69742622514173,1.221888137536764
2018-07-01,Rice,31664417.0,11231,2819.376458017986,2548.99909159767,110.60719744120615,2.0637828991969087
2018-08-01,Rice,31626303.0,11193,2825.543017957652,2548.99909159767,110.8491182782905,1.902390490734085
2018-09-01,Rice,29097712.0,10440,2787.1371647509577,2548.99909159767,109.34241498705387,1.3956191857857458
2018-10-01,Rice,28542717.0,10279,2776.7990076855726,2548.99909159767,108.93683786858949,0.2654019864674062
2018-11-01,Rice,26643011.0,9636,2764.945101701951,2548.99909159767,108.47179627549139,-1.025315758665435
2018-12-01,Rice,28640497.0,10416,2749.6636904761904,2548.99909159767,107.87228993293785,-0.3602370711276781
2019-01-01,Rice,23068710.000000004,8378,2753.486512294104,2548.99909159767,108.0222633805752,0.6514272465162563
2019-02-01,Rice,20919829.0,7546,2772.3070500927643,2548.99909159767,108.76061349849789,0.6146370409678248
2019-03-01,Rice,22086239.0,7942,2780.941702341979,2548.99909159767,109.09936027473951,0.8514355759174919
2019-04-01,Rice,21334648.0,7625,2797.9866229508198,2548.99909159767,109.76805100378003,2.4561680896929783
2019-05-01,Rice,22432816.0,7975,2812.892288401254,2548.99909159767,110.3528164318874,0.9293500601996962
2019-06-01,Rice,20866013.0,7451,2800.43121728627,2548.99909159767,109.86395509191831,0.15180745119289796
2019-07-01,Rice,21834097.0,7824,2790.656569529652,2548.99909159767,109.4804850550384,-1.0186610023878995
2019-08-01,Rice,21597790.0,7687,2809.651359438012,2548.99909159767,110.2256712722863,-0.5624284754697007
2019-09-01,Rice,21680514.0,7682,2822.248633168446,2548.99909159767,110.71987598863785,1.2597682260329313
2019-10-01,Rice,20380363.0,7202,2829.819911135796,2548.99909159767,111.01690543805225,1.909425324032199
2019-11-01,Rice,21675156.0,7600,2851.994210526316,2548.99909159767,111.88682726201888,3.1483123759232123
2019-12-01,Rice,21438831.0,7588,2825.3599103848182,2548.99909159767,110.8419347695385,2.7529264822753197
2020-01-01,Rice,21533674.5,7825,2751.907284345048,2548.99909159767,107.96030855468837,-0.057353756483102813
2020-02-01,Rice,19939935.0,7223,2760.6167797314133,2548.99909159767,108.30199150840437,-0.42168021615642814
2020-03-01,Rice,16930484.0,6084,2782.7882971729127,2548.99909159767,109.17180419349258,0.06640178143175746
2020-04-01,Rice,17709915.0,6259,2829.511902859882,2548.99909159767,111.00482193920247,1.12671303180909
2020-05-01,Rice,19554320.0,6928,2822.5057736720555,2548.99909159767,110.72996388958914,0.3417651401172117
2020-06-01,Rice,19641057.0,7041,2789.5266297400935,2548.99909159767,109.4361562911215,-0.3893895868202546
2020-07-01,Rice,17830042.0,6366,2800.823437009111,2548.99909159767,109.87934229719954,0.36431811748058873
2020-08-01,Rice,15615145.0,5614,2781.4650872817956,2548.99909159767,109.11989323379554,-1.0031946512343848
2020-09-01,Rice,17795962.000000004,6463,2753.514157511992,2548.99909159767,108.02334793246769,-2.4354507554243288
2020-10-01,Rice,16752480.0,6197,2703.320961755688,2548.99909159767,106.05421440386986,-4.470212004739748
2020-11-01,Rice,16274404.0,6094,2670.561864128651,2548.99909159767,104.7690394606923,-6.3615958871172555
2020-12-01,Rice,17379291.0,6637,2618.5461805032396,2548.99909159767,102.72840775560962,-7.3199074256493635
2021-01-01,Rice,14543099.0,5531,2629.379678177545,2548.99909159767,103.15341762360117,-4.452461275295649
2021-02-01,Rice,14157353.0,5326,2658.158655651521,2548.99909159767,104.28244813478656,-3.711421477698207
2021-03-01,Rice,15278219.0,5701,2679.9191369935097,2548.99909159767,105.1361354277212,-3.696621848090642
2021-04-01,Rice,14131358.0,5241,2696.3094829231063,2548.99909159767,105.77914648188849,-4.707611224471031
2021-05-01,Rice,13283135.0,4872,2726.4234400656815,2548.99909159767,106.9605496939116,-3.4041501173395994
2021-06-01,Rice,15074772.0,5505,2738.3782016348773,2548.99909159767,107.42954796105901,-1.8335880919689074
2021-07-01,Rice,15470269.0,5645,2740.525952170062,2548.99909159767,107.51380654484053,-2.152848481710745
2021-08-01,Rice,15526479.0,5675,2735.943436123348,2548.99909159767,107.3340294683473,-1.636606958203235
2021-09-01,Rice,15614221.0,5716,2731.6691742477256,2548.99909159767,107.16634553743843,-0.7933492262848785
2021-10-01,Rice,15333876.0,5561,2757.3954324761735,2548.99909159767,108.17561456045418,2.0002978368268476
2021-11-01,Rice,15070683.0,5407,2787.2541150360644,2548.99909159767,109.3470030736284,4.369576772395334
2021-12-01,Rice,16196281.0,5840,2773.335787671233,2548.99909159767,108.80097198987043,5.911280401334951
2022-01-01,Rice,19035623.0,6663,2856.914753114213,2548.99909159767,112.07986548647794,8.653564824627225
2022-02-01,Rice,17558648.0,6140,2859.714657980456,2548.99909159767,112.18970879224734,7.582542219607791
2022-03-01,Rice,19262970.000000004,6702,2874.2121754700097,2548.99909159767,112.75846213301323,7.249958992959371
2022-04-01,Rice,19132803.0,6619,2890.58815531047,2548.99909159767,113.40090958991664,7.205355083228193
2022-05-01,Rice,18841059.0,6519,2890.1762540266914,2548.99909159767,113.38475025564553,6.0061401891800426
2022-06-01,Rice,19073210.0,6525,2923.097318007663,2548.99909159767,114.6762793146197,6.745566272127923
2022-07-01,Rice,19101887.0,6559,2912.31696905016,2548.99909159767,114.25335452845407,6.26854187401753
2022-08-01,Rice,20788937.0,6857,3031.783141315444,2548.99909159767,118.94014208593431,10.813078270773069
2022-09-01,Rice,20852205.0,6809,3062.4474959612276,2548.99909159767,120.1431379891837,12.10901835521847
2022-10-01,Rice,18813861.0,6240,3015.0418269230768,2548.99909159767,118.28336215817555,9.343831915161104
2022-11-01,Rice,20673147.11,6908,2992.638550955414,2548.99909159767,117.40445733465044,7.368701504874897
2022-12-01,Rice,20686421.0,7000,2955.203,2548.99909159767,115.93582005349904,6.55770617958531
2023-01-01,Rice,18199934.0,6053,3006.7625970593094,2548.99909159767,117.95855898774451,5.245093287496694
2023-02-01,Rice,17009846.0,5571,3053.284150062825,2548.99909159767,119.78364998745754,6.768839385502501
2023-03-01,Rice,18045203.0,5942,3036.8904409289803,2548.99909159767,119.14050699113855,5.659925417035994
2023-04-01,Rice,17241844.0,5673,3039.2815089018154,2548.99909159767,119.23431118199593,5.1440518538821145
2023-05-01,Rice,18526966.0,6007,3084.2293990344597,2548.99909159767,120.99766567987736,6.714232211181126
2023-06-01,Rice,18748879.0,6019,3114.949160990198,2548.99909159767,122.20283527201259,6.563306729496721
2023-07-01,Rice,18687662.0,5820,3210.9384879725085,2548.99909159767,125.96860071691692,10.253743740666499
2023-08-01,Rice,18476705.0,5606,3295.880306814128,2548.99909159767,129.30096043103433,8.710951713521853
2023-09-01,Rice,17534585.5,5324,3293.498403456048,2548.99909159767,129.20751577795733,7.544648775188212
2023-10-01,Rice,17604798.66,5290,3327.939255198488,2548.99909159767,130.55866775976727,10.377880183331655
2023-11-01,Rice,17347159.0,5127,3383.491125414472,2548.99909159767,132.73802790152257,13.06046713640967
2023-12-01,Rice,18327404.0,5445,3365.9144168962353,2548.99909159767,132.04847455581228,13.897908769591648
2024-01-01,Rice,23214729.0,6951,3339.7682347863615,2548.99909159767,131.0227314633153,11.075222169277366
2024-02-01,Rice,23355453.0,6936,3367.2798442906574,2548.99909159767,132.1020417539695,10.283867429153993
2024-03-01,Rice,24179034.0,7057,3426.2482641349015,2548.99909159767,134.41543684456107,12.820937428576373
2024-04-01,Rice,22898698.0,6736,3399.4504156769594,2548.99909159767,133.3641281741784,11.850462213527702
2024-05-01,Rice,26541265.0,7754,3422.9126902244,2548.99909159767,134.28457866099026,10.981131666015775
2024-06-01,Rice,12143263.0,3555,3415.826441631505,2548.99909159767,134.0065774401874,9.65913936603906
2024-07-01,Rice,22844454.0,6518,3504.8257134090213,2548.99909159767,137.49811543527287,9.152689362856115
2024-08-01,Rice,17899600.0,5059,3538.169598734928,2548.99909159767,138.80623223436547,7.351277029686876
2024-09-01,Rice,19050061.0,5309,3588.257864004521,2548.99909159767,140.77124922612117,8.949737465764818
2024-10-01,Rice,21134614.0,5879,3594.9334920904917,2548.99909159767,141.03314135891856,8.022809805645913
2024-11-01,Rice,19593809.0,5443,3599.817931287893,2548.99909159767,141.22476320819663,6.393597555156028
2024-12-01,Rice,21775569.0,6032,3610.008123342175,2548.99909159767,141.624535498735,7.251928486970338
2025-01-01,Rice,25477086.0,7086,3595.411515664691,2548.99909159767,141.0518947423848,7.654521598702546
2025-02-01,Rice,20050787.0,5517,3634.364147181439,2548.99909159767,142.58004873997345,7.931752489880872
2025-03-01,Rice,18180665.0,4938,3681.7871607938437,2548.99909159767,144.4405050174483,7.458271466602651
2025-04-01,Rice,20353870.0,5578,3648.954822517031,2548.99909159767,143.1524567641147,7.339551290098334
2025-05-01,Rice,17641782.700000003,4843,3642.7385298368786,2548.99909159767,142.90858485766154,6.42218658513507
2025-06-01,Rice,20496420.0,5681,3607.8894560816757,2548.99909159767,141.5414178833744,5.622739261847132
2025-07-01,Rice,22248494.240000002,6145,3620.584904800651,2548.99909159767,142.03947411104525,3.302851578289623
2025-08-01,Rice,22224363.0,6118,3632.6189931350114,2548.99909159767,142.51158445325873,2.6694422572014043
2025-09-01,Rice,21199961.0,5852,3622.6864319890637,2548.99909159767,142.1219193027811,0.9594786464460103
2025-10-01,Rice,18294013.0,5037,3631.9263450466547,2548.99909159767,142.48441111723676,1.0290274642786423
2025-11-01,Rice,14455372.059999999,3855,3749.772259403372,2548.99909159767,147.10763419900152,4.165608677376387
2025-12-01,Rice,12084829.83,3186,3793.104152542373,2548.99909159767,148.80759138148295,5.071900753250547
2026-01-01,Rice,14118280.280000001,3675,3841.7089197278915,2548.99909159767,150.71440913382094,6.850325838645133
2026-02-01,Rice,12671255.75,3249,3900.047937827024,2548.99909159767,153.00311211105762,7.310323893978299
2026-03-01,Rice,17752127.79,4952,3584.840022213247,2548.99909159767,140.63716358432788,-2.633154344524735
2026-04-01,Rice,20495797.59,5629,3641.1081168946525,2548.99909159767,142.8446219889575,-0.2150398128789699
2026-05-01,Rice,21750883.9545,6042,3599.9476919066537,2548.99909159767,141.2298538580595,-1.174688701363935
2026-06-01,Rice,20547473.310000002,5676,3620.062246300212,2548.99909159767,142.01896965099417,0.33739365816813915
2026-07-01,Rice,17543078.5,4621,3796.381410950011,2548.99909159767,148.93616178460474,4.855472548544992
2001-03-01,Soyabean,2252.0,2,1126.0,3340.3972533583405,33.708565616498205,
2001-04-01,Soyabean,3100.0,3,1033.3333333333333,3340.3972533583405,30.934444467479107,
2001-06-01,Soyabean,8190.0,8,1023.75,3340.3972533583405,30.647552442175876,
2001-07-01,Soyabean,15852.0,15,1056.8,3340.3972533583405,31.636955722482508,
2001-08-01,Soyabean,11286.0,10,1128.6,3340.3972533583405,33.7864006703196,
2001-09-01,Soyabean,6089.0,6,1014.8333333333334,3340.3972533583405,30.380618122980696,
2001-10-01,Soyabean,865.0,1,865.0,3340.3972533583405,25.895123675196224,
2001-11-01,Soyabean,4161.0,4,1040.25,3340.3972533583405,31.14150566835014,
2001-12-01,Soyabean,22335.0,22,1015.2272727272727,3340.3972533583405,30.392411312953634,
2002-01-01,Soyabean,64034.0,63,1016.4126984126984,3340.3972533583405,30.427898879117624,
2002-02-01,Soyabean,122549.0,95,1289.9894736842105,3340.3972533583405,38.61784619740337,
2002-03-01,Soyabean,139467.0,124,1124.733870967742,3340.3972533583405,33.67066206981719,
2002-04-01,Soyabean,171560.0,138,1243.1884057971015,3340.3972533583405,37.21678325975257,10.407496074342927
2002-05-01,Soyabean,175390.0,135,1299.1851851851852,3340.3972533583405,38.893134158789685,25.727598566308263
2002-06-01,Soyabean,277420.0,195,1422.6666666666667,3340.3972533583405,42.58974483458092,38.96621896621897
2002-07-01,Soyabean,667260.0,514,1298.1712062256809,3340.3972533583405,38.86277911767938,22.83981890856177
2002-08-01,Soyabean,796634.0,580,1373.5068965517241,3340.3972533583405,41.11807046814086,21.70006171821055
2002-09-01,Soyabean,706788.0,564,1253.1702127659576,3340.3972533583405,37.515604214620154,23.48532232871974
2002-10-01,Soyabean,977421.0,846,1155.3439716312057,3340.3972533583405,34.58702315928609,33.56577706719139
2002-11-01,Soyabean,1196414.0,907,1319.0893054024257,3340.3972533583405,39.4889950312422,26.805028156926312
2002-12-01,Soyabean,1097004.0,840,1305.9571428571428,3340.3972533583405,39.095863270279324,28.636924749752147
2003-01-01,Soyabean,1660824.0,1272,1305.6792452830189,3340.3972533583405,39.08754397311056,28.45955656812036
2003-02-01,Soyabean,1559251.0,1148,1358.2325783972126,3340.3972533583405,40.66080993904794,5.290206323784918
2003-03-01,Soyabean,1259006.0,899,1400.4516129032259,3340.3972533583405,41.92470256330296,24.514042748463783
2003-04-01,Soyabean,1407884.0,934,1507.370449678801,3340.3972533583405,45.12548464597537,21.25036258782613
2003-05-01,Soyabean,1651719.0,1081,1527.95467160037,3340.3972533583405,45.74170542333573,17.60868958666397
2003-06-01,Soyabean,1941239.9999999998,1333,1456.2940735183795,3340.3972533583405,43.59643368926444,2.363688391638674
2003-07-01,Soyabean,1789927.0,1369,1307.4704163623082,3340.3972533583405,39.14116547209511,0.7163315664398429
2003-08-01,Soyabean,1055488.0,907,1163.7133406835721,3340.3972533583405,34.83757327107151,-15.274299415230598
2003-09-01,Soyabean,946532.0,759,1247.0777338603425,3340.3972533583405,37.33321635941851,-0.4861653144601852
2003-10-01,Soyabean,1571307.0,1297,1211.4934464148034,3340.3972533583405,36.26794523306479,4.859979033284922
2003-11-01,Soyabean,2175397.0,1739,1250.9470960322024,3340.3972533583405,37.44905174899589,-5.165852614462285
2003-12-01,Soyabean,2349886.0,1704,1379.0410798122066,3340.3972533583405,41.28374487273206,5.596197191829155
2004-01-01,Soyabean,2516220.0,1695,1484.495575221239,3340.3972533583405,44.4406896134515,13.695272447978613
2004-02-01,Soyabean,2027631.0,1340,1513.1574626865672,3340.3972533583405,45.29872790325407,11.406359025210122
2004-03-01,Soyabean,1966872.0,1209,1626.8585607940447,3340.3972533583405,48.70254755354164,16.166709781672694
2004-04-01,Soyabean,1618706.0,961,1684.3975026014568,3340.3972533583405,50.42506548908252,11.744097342519755
2004-05-01,Soyabean,1618810.0,935,1731.3475935828876,3340.3972533583405,51.830589665412994,13.311449990167912
2004-06-01,Soyabean,2060789.0,1281,1608.734582357533,3340.3972533583405,48.159978000824815,10.46770096858667
2004-07-01,Soyabean,2297383.0,1319,1741.7611827141775,3340.3972533583405,52.14233669253141,33.2161065303618
2004-08-01,Soyabean,1880793.0,1080,1741.475,3340.3972533583405,52.13376936677727,49.648108268402865
2004-09-01,Soyabean,1588365.0,1053,1508.4188034188035,3340.3972533583405,45.156868749735736,20.95627742061248
2004-10-01,Soyabean,2592306.0,2195,1181.0050113895215,3340.3972533583405,35.35522639417131,-2.51659925321982
2004-11-01,Soyabean,2576472.0,2039,1263.5958803334968,3340.3972533583405,37.82771282855994,1.0111366293118484
2004-12-01,Soyabean,3019958.0,2390,1263.5807531380754,3340.3972533583405,37.827259972379245,-8.372508140936175
2005-01-01,Soyabean,2251033.0000000005,1845,1220.0720867208674,3340.3972533583405,36.52476020611745,-17.812346019351644
2005-02-01,Soyabean,2096316.9999999998,1760,1191.0892045454543,3340.3972533583405,35.657112439185696,-21.284517050148246
2005-03-01,Soyabean,2396995.0,1908,1256.2866876310272,3340.3972533583405,37.60890074879544,-22.778370664389346
2005-04-01,Soyabean,2191292.0,1742,1257.9173363949483,3340.3972533583405,37.65771676198913,-25.319448974950042
2005-05-01,Soyabean,2174978.0,1789,1215.7506987143656,3340.3972533583405,36.39539271839852,-29.780091345004543
2005-06-01,Soyabean,2315430.0,1878,1232.9233226837061,3340.3972533583405,36.90948199182478,-23.360675141519692
2005-07-01,Soyabean,2220098.0,1817,1221.8481012658228,3340.3972533583405,36.577927970615214,-29.849848912017706
2005-08-01,Soyabean,2033525.0000000002,1675,1214.0447761194032,3340.3972533583405,36.3443232657085,-30.28640800933673
2005-09-01,Soyabean,2116922.0,1800,1176.0677777777778,3340.3972533583405,35.207422608056355,-22.03307363232001
2005-10-01,Soyabean,2918473.5,2636,1107.1599013657055,3340.3972533583405,33.144557889113294,-6.252734688816675
2005-11-01,Soyabean,3106025.0,2894,1073.2636489288182,3340.3972533583405,32.12982072266373,-15.06274548429557
2005-12-01,Soyabean,3975511.5,3720,1068.6858870967742,3340.3972533583405,31.99277828474885,-15.42401350742989
2006-01-01,Soyabean,3019458.0,2695,1120.3925788497218,3340.3972533583405,33.54069872148622,-8.169968722016229
2006-02-01,Soyabean,2517838.0,2223,1132.6306792622581,3340.3972533583405,33.90706533851755,-4.907988844169331
2006-03-01,Soyabean,2232503.5,1990,1121.8610552763819,3340.3972533583405,33.584659852911045,-10.700235358549492
2006-04-01,Soyabean,3095869.5,2654,1166.4918990203466,3340.3972533583405,34.92075374710564,-7.26800042653174
2006-05-01,Soyabean,8531724.0,6820,1250.9859237536657,3340.3972533583405,37.45021411737661,2.898227825536992
2006-06-01,Soyabean,9287880.5,7749,1198.5908504323138,3340.3972533583405,35.88168590509061,-2.7846396949212537
2006-07-01,Soyabean,8056314.5,6748,1193.8818168346177,3340.3972533583405,35.74071364219698,-2.28885115934071
2006-08-01,Soyabean,6389977.5,5335,1197.7464854732896,3340.3972533583405,35.8564085235404,-1.3424785450014354
2006-09-01,Soyabean,7779381.500000001,6631,1173.1837581058664,3340.3972533583405,35.121084982523584,-0.2452256346450521
2006-10-01,Soyabean,6350640.0,5599,1134.245400964458,3340.3972533583405,33.95540455028574,2.4463945601120196
2006-11-01,Soyabean,10378345.0,8076,1285.0848192174344,3340.3972533583405,38.471017718789184,19.736172980425316
2006-12-01,Soyabean,11061744.5,8524,1297.7175621773815,3340.3972533583405,38.84919857578895,21.431149961454253
2007-01-01,Soyabean,12101072.0,9118,1327.1629743364772,3340.3972533583405,39.73069289894144,18.455173605223372
2007-02-01,Soyabean,10884247.5,8012,1358.4931977034448,3340.3972533583405,40.66861198432774,19.94140919688867
2007-03-01,Soyabean,12020908.000000002,8458,1421.2471033341217,3340.3972533583405,42.54724799289187,26.686553263405965
2007-04-01,Soyabean,12764186.5,8624,1480.07728432282,3340.3972533583405,44.308421186575714,26.882774373815323
2007-05-01,Soyabean,11412427.0,7841,1455.4810610891468,3340.3972533583405,43.57209489457721,16.346717693024072
2007-06-01,Soyabean,12223858.0,8312,1470.6277670837344,3340.3972533583405,44.025535154694765,22.69639523389497
2007-07-01,Soyabean,13787245.0,8967,1537.5538084086093,3340.3972533583405,46.02907055030045,28.786098148741512
2007-08-01,Soyabean,12296934.500000002,8459,1453.7101903298264,3340.3972533583405,43.51908111732242,21.370440903894018
2007-09-01,Soyabean,10284403.0,6922,1485.7559953770588,3340.3972533583405,44.47842225601527,26.643075742528865
2007-10-01,Soyabean,11913699.499999998,7984,1492.1968311623243,3340.3972533583405,44.67123871755408,31.55855248727457
2007-11-01,Soyabean,10192428.0,6181,1648.9933667691312,3340.3972533583405,49.3651874821559,28.317862144951846
2007-12-01,Soyabean,16324974.0,9220,1770.6045553145336,3340.3972533583405,53.00580802281579,36.43990086284388
2008-01-01,Soyabean,15867610.999999998,8127,1952.4561338747383,3340.3972533583405,58.44981856310037,47.1150244265125
2008-02-01,Soyabean,17419923.5,8549,2037.656275587788,3340.3972533583405,61.00041764611039,49.99385194070016
2008-03-01,Soyabean,14370669.0,6762,2125.209849157054,3340.3972533583405,63.621470381117945,49.53134076203196
2008-04-01,Soyabean,13419023.0,6577,2040.2954234453398,3340.3972533583405,61.07942465208546,37.85060044204624
2008-05-01,Soyabean,14928850.0,6843,2181.6235569194796,3340.3972533583405,65.3103026810999,49.89020573630516
2008-06-01,Soyabean,12066260.5,5099,2366.397430868798,3340.3972533583405,70.84179669018975,60.91069975928589
2008-07-01,Soyabean,18395759.5,7641,2407.5068053919645,3340.3972533583405,72.07246991271847,56.580328585948436
2008-08-01,Soyabean,13494656.0,5555,2429.28100810081,3340.3972533583405,72.72431462031888,67.10903068992316
2008-09-01,Soyabean,8583290.000000002,3861,2223.0743330743335,3340.3972533583405,66.55119629377367,49.62580262111989
2008-10-01,Soyabean,10540614.0,6539,1611.9611561400825,3340.3972533583405,48.256570517756906,8.026040698965264
2008-11-01,Soyabean,13469415.0,8650,1557.1578034682082,3340.3972533583405,46.6159467082152,-5.5691893704130635
2008-12-01,Soyabean,15833167.499999998,9182,1724.3702352428663,3340.3972533583405,51.62171156467194,-2.611216600165933
2009-01-01,Soyabean,24084139.1,11343,2123.260081107291,3340.3972533583405,63.56310103454389,8.748157987733363
2009-02-01,Soyabean,23052052.7,10562,2182.546174966862,3340.3972533583405,65.33792269085936,7.110615323837122
2009-03-01,Soyabean,11165684.6,5121,2180.3719195469635,3340.3972533583405,65.2728329648481,2.59560581331717
2009-04-01,Soyabean,8099714.7,3390,2389.296371681416,3340.3972533583405,71.52731218657557,17.10541249201729
2009-05-01,Soyabean,8087282.0,3226,2506.907005579665,3340.3972533583405,75.04816988635983,14.910154761965245
2009-06-01,Soyabean,6457042.0,2724,2370.42657856094,3340.3972533583405,70.9624155084483,0.1702650467577005
2009-07-01,Soyabean,6921257.0,3179,2177.1805599245045,3340.3972533583405,65.17729463870289,-9.5670028824679
2009-08-01,Soyabean,8060210.0,3710,2172.5633423180593,3340.3972533583405,65.03907103066337,-10.567639763645554
2009-09-01,Soyabean,7462312.999999999,3918,1904.6230219499741,3340.3972533583405,57.01785977805844,-14.324816151512431
2009-10-01,Soyabean,12010506.0,6155,1951.3413484971568,3340.3972533583405,58.416445724691386,21.053869137252445
2009-11-01,Soyabean,16432310.5,7314,2246.6927126059613,3340.3972533583405,67.25824930993463,44.28163334518658
2009-12-01,Soyabean,15292754.0,6727,2273.339378623458,3340.3972533583405,68.0559588036395,31.835920857406386
2010-01-01,Soyabean,14980218.0,6999,2140.336905272182,3340.3972533583405,64.07432239145652,0.8042737824178747
2010-02-01,Soyabean,11972518.0,5932,2018.2936614969656,3340.3972533583405,60.42076760384803,-7.525729139379623
2010-03-01,Soyabean,9794663.0,5067,1933.0299980264456,3340.3972533583405,57.868266897987425,-11.344024352134863
2010-04-01,Soyabean,9600263.0,5112,1877.9857198748043,3340.3972533583405,56.22043060856701,-21.40005140705036
2010-05-01,Soyabean,9239576.0,4997,1849.0246147688613,3340.3972533583405,55.35343477216383,-26.242791988156878
2010-06-01,Soyabean,9396297.0,5177,1815.0081128066447,3340.3972533583405,54.335097748685044,-23.4311609048648
2010-07-01,Soyabean,10154942.0,5461,1859.538912287127,3340.3972533583405,55.668196661867064,-14.589586802501675
2010-08-01,Soyabean,10468081.0,5404,1937.0986306439675,3340.3972533583405,57.99006775905062,-10.838105710780244
2010-09-01,Soyabean,9702628.999999998,5121,1894.6746729154459,3340.3972533583405,56.720040438621304,-0.5223264089469382
2010-10-01,Soyabean,14791816.0,7635,1937.3694826457106,3340.3972533583405,57.998176136024966,-0.7160134162178644
2010-11-01,Soyabean,14056783.000000002,7007,2006.105751391466,3340.3972533583405,60.05590351191267,-10.708494306523841
2010-12-01,Soyabean,15052177.0,7433,2025.0473563836943,3340.3972533583405,60.6229499903872,-10.921907418421084
2011-01-01,Soyabean,11027648.0,5008,2202.006389776358,3340.3972533583405,65.92049456281056,2.8812980027709267
2011-02-01,Soyabean,9640854.0,4271,2257.282603605713,3340.3972533583405,67.57527420836864,11.84113821828534
2011-03-01,Soyabean,7839700.0,3623,2163.869721225504,3340.3972533583405,64.7788139284934,11.941859331450488
2011-04-01,Soyabean,6363003.0,2864,2221.7189245810055,3340.3972533583405,66.51062002722438,18.303291716675908
2011-05-01,Soyabean,6278781.0,2845,2206.952899824253,3340.3972533583405,66.06857605350517,19.357680919793218
2011-06-01,Soyabean,7120336.0,3280,2170.8341463414636,3340.3972533583405,64.98730485300719,19.604652509491327
2011-07-01,Soyabean,7464345.0,3413,2187.0334016993847,3340.3972533583405,65.47225481941118,17.611596468796577
2011-08-01,Soyabean,7127299.0,3163,2253.3351248814415,3340.3972533583405,67.45710027799845,16.325265489054885
2011-09-01,Soyabean,7551746.0,3525,2142.3392907801417,3340.3972533583405,64.13426692368084,13.071617064664686
2011-10-01,Soyabean,8882495.500000002,4553,1950.9104985723702,3340.3972533583405,58.40354756042804,0.6989382277338141
2011-11-01,Soyabean,12822854.0,6352,2018.7112720403022,3340.3972533583405,60.43326942658533,0.6283577343862756
2011-12-01,Soyabean,13614335.0,6291,2164.097122873947,3340.3972533583405,64.78562155139556,6.866494556382419
2012-01-01,Soyabean,12106057.0,5236,2312.0811688311687,3340.3972533583405,69.2157546982374,4.998840128978466
2012-02-01,Soyabean,10566444.0,4555,2319.746212952799,3340.3972533583405,69.4452197450645,2.7672037717966003
2012-03-01,Soyabean,9629620.0,3794,2538.1180811808117,3340.3972533583405,75.98252209760561,17.295327730883603
2012-04-01,Soyabean,8758869.0,2932,2987.335948158254,3340.3972533583405,89.43055934903764,34.46057082678162
2012-05-01,Soyabean,12592934.0,3888,3238.923353909465,3340.3972533583405,96.96222060574212,46.75996729098255
2012-06-01,Soyabean,12868402.0,3910,3291.1514066496165,3340.3972533583405,98.52574879651773,51.607685561618744
2012-07-01,Soyabean,16349326.0,3957,4131.747788728835,3340.3972533583405,123.69031212005977,88.92019598412875
2012-08-01,Soyabean,11419864.0,2728,4186.16715542522,3340.3972533583405,125.31944071072883,85.77650120487397
2012-09-01,Soyabean,9243418.0,2504,3691.4608626198083,3340.3972533583405,110.50963650830805,72.30981472012996
2012-10-01,Soyabean,17892933.5,6110,2928.467021276596,3340.3972533583405,87.66822623663693,50.10770732022705
2012-11-01,Soyabean,18584586.5,6020,3087.14061461794,3340.3972533583405,92.41836765115936,52.9263078566843
2012-12-01,Soyabean,17814838.5,5766,3089.635535900104,3340.3972533583405,92.49305700972756,42.76787780194593
2013-01-01,Soyabean,13909150.5,4494,3095.049065420561,3340.3972533583405,92.65511945649239,33.864204559271926
2013-02-01,Soyabean,12806824.0,4105,3119.8109622411694,3340.3972533583405,93.39640544562775,34.48932235867173
2013-03-01,Soyabean,12916082.5,3894,3316.9189779147405,3340.3972533583405,99.29714121815914,30.684186937890857
2013-04-01,Soyabean,12758018.000000002,3421,3729.3241742180653,3340.3972533583405,111.64313377604142,24.837789888253468
2013-05-01,Soyabean,13248223.0,3557,3724.5496204666856,3340.3972533583405,111.50020006519073,14.993447312393403
2013-06-01,Soyabean,13791044.0,3808,3621.59768907563,3340.3972533583405,108.41817348025235,10.040446080917542
2013-07-01,Soyabean,12395508.500000002,3648,3397.891584429825,3340.3972533583405,101.7211824436055,-17.761398851617393
2013-08-01,Soyabean,8454464.0,2541,3327.219205037387,3340.3972533583405,99.60549457679906,-20.51872078912681
2013-09-01,Soyabean,10985984.0,3373,3257.036466053958,3340.3972533583405,97.50446485906508,-11.768359810201023
2013-10-01,Soyabean,12953098.0,4108,3153.1397273612465,3340.3972533583405,94.3941539944439,7.672024456902005
2013-11-01,Soyabean,13206342.0,3803,3472.611622403366,3340.3972533583405,103.95804328099302,12.486344352446377
2013-12-01,Soyabean,13691628.0,3940,3475.0324873096447,3340.3972533583405,104.03051564648324,12.473864536169742
2014-01-01,Soyabean,12613941.5,3667,3439.8531497136623,3340.3972533583405,102.97736732525846,11.140504625449266
2014-02-01,Soyabean,11244739.0,3182,3533.8588937774985,3340.3972533583405,105.7915758440005,13.271571147980431
2014-03-01,Soyabean,10445367.0,2757,3788.671381936888,3340.3972533583405,113.41978497102,14.22260860645821
2014-04-01,Soyabean,8496210.0,2109,4028.549075391181,3340.3972533583405,120.6008977327769,8.023569075645032
2014-05-01,Soyabean,10123097.0,2393,4230.2954450480565,3340.3972533583405,126.64048986374412,13.578710880968226
2014-06-01,Soyabean,10689821.0,2779,3846.643037063692,3340.3972533583405,115.15525685444707,6.213979776574852
2014-07-01,Soyabean,9918634.999999998,2600,3814.8596153846147,3340.3972533583405,114.20377057097814,12.271375368933612
2014-08-01,Soyabean,8176877.0,2279,3587.923211935059,3340.3972533583405,107.41007550308164,7.835492368611252
2014-09-01,Soyabean,7417593.999999999,2323,3193.1097718467495,3340.3972533583405,95.590719595895,-1.9627257745952975
2014-10-01,Soyabean,8609985.200000001,2923,2945.5987683886424,3340.3972533583405,88.18109179760644,-6.582041295908181
2014-11-01,Soyabean,14455389.000000002,4647,3110.6927049709493,3340.3972533583405,93.1234361974028,-10.422096012623927
2014-12-01,Soyabean,14523272.0,4621,3142.885089807401,3340.3972533583405,94.08716543062755,-9.558109131790914
2015-01-01,Soyabean,11647819.0,3642,3198.1930258099947,3340.3972533583405,95.74289472890153,-7.025303505290181
2015-02-01,Soyabean,10082444.0,3180,3170.5798742138363,3340.3972533583405,94.91625198249176,-10.279952609407594
2015-03-01,Soyabean,8942516.0,2875,3110.440347826087,3340.3972533583405,93.11588149280564,-17.9015534929838
2015-04-01,Soyabean,8802203.0,2557,3442.39460305045,3340.3972533583405,103.05344969343285,-14.550014443694314
2015-05-01,Soyabean,11110029.999999998,3005,3697.1813643926785,3340.3972533583405,110.68088864806835,-12.602289546453216
2015-06-01,Soyabean,12090763.3,3519,3435.852031827224,3340.3972533583405,102.85758762293663,-10.679207851582785
2015-07-01,Soyabean,10977538.4,3393,3235.3487768936047,3340.3972533583405,96.85521006942743,-15.190882415540298
2015-08-01,Soyabean,8974746.5,2897,3097.944943044529,3340.3972533583405,92.74181206830843,-13.656319824812313
2015-09-01,Soyabean,10691535.0,3369,3173.5040071237754,3340.3972533583405,95.00379046034794,-0.6140022148889202
2015-10-01,Soyabean,17990380.099999998,5057,3557.5202887087203,3340.3972533583405,106.49991659321628,20.774096149382302
2015-11-01,Soyabean,15999209.2,4578,3494.803232852774,3340.3972533583405,104.62238374011349,12.348070488223017
2015-12-01,Soyabean,17566754.0,5061,3471.004544556412,3340.3972533583405,103.90993289994964,10.440071633962255
2016-01-01,Soyabean,22687354.0,6504,3488.2155596555967,3340.3972533583405,104.42517147170577,9.06832487923863
2016-02-01,Soyabean,21039841.9,6037,3485.1485671691235,3340.3972533583405,104.33335626968481,9.921487722597956
2016-03-01,Soyabean,16539452.3,4745,3485.659072708114,3340.3972533583405,104.34863904895536,12.063202727686772
2016-04-01,Soyabean,16045127.4,4309,3723.6313297748898,3340.3972533583405,111.4727096015678,8.16979919952303
2016-05-01,Soyabean,20382898.4,5568,3660.721695402299,3340.3972533583405,109.58941161030812,-0.9861477000160268
2016-06-01,Soyabean,22683714.3,6305,3597.734226804124,3340.3972533583405,107.70378353014941,4.711558980926456
2016-07-01,Soyabean,15488061.0,4435,3492.2347237880495,3340.3972533583405,104.54549141653902,7.939976942488758
2016-08-01,Soyabean,14486846.5,4265,3396.6814771395075,3340.3972533583405,101.68495599511645,9.643054979582466
2016-09-01,Soyabean,12796868.0,4095,3124.9982905982906,3340.3972533583405,93.55169620788384,-1.5284592808643471
2016-10-01,Soyabean,16638136.0,5919,2810.97077208988,3340.3972533583405,84.15079282153673,-20.98510917810721
2016-11-01,Soyabean,18371185.0,6594,2786.0456475583865,3340.3972533583405,83.40462035637754,-20.280328764484846
2016-12-01,Soyabean,23868966.5,8610,2772.23768873403,3340.3972533583405,82.99125758012468,-20.131545402850605
2017-01-01,Soyabean,17657378.5,6268,2817.067405871091,3340.3972533583405,84.33330505941746,-19.240443782974538
2017-02-01,Soyabean,14628418.000000002,5274,2773.68562760713,3340.3972533583405,83.03460388786229,-20.414135175301663
2017-03-01,Soyabean,13990489.499999998,5086,2750.7844081793155,3340.3972533583405,82.34902017757783,-21.08280383135268
2017-04-01,Soyabean,11171098.5,4004,2789.9846403596403,3340.3972533583405,83.52254024741127,-25.07355338724396
2017-05-01,Soyabean,12255510.5,4438,2761.4940288418206,3340.3972533583405,82.6696293701443,-24.56421824390168
2017-06-01,Soyabean,9638888.5,3506,2749.2551340559044,3340.3972533583405,82.3032389723073,-23.583706834896624
2017-07-01,Soyabean,13198976.5,4717,2798.1718253126987,3340.3972533583405,83.76763639412935,-19.874463012110944
2017-08-01,Soyabean,13017578.5,4517,2881.908014168696,3340.3972533583405,86.27440976582372,-15.155187980838425
2017-09-01,Soyabean,12593672.5,4401,2861.5479436491705,3340.3972533583405,85.6648993101719,-8.4304157138813
2017-10-01,Soyabean,14171180.5,5398,2625.265005557614,3340.3972533583405,78.59140115500476,-6.606463801621065
2017-11-01,Soyabean,18366512.0,7039,2609.250177582043,3340.3972533583405,78.1119723098436,-6.3457492209893385
2017-12-01,Soyabean,18381414.0,6514,2821.832054037458,3340.3972533583405,84.47594223113639,1.788965120305952
2018-01-01,Soyabean,16878185.5,5485,3077.15323609845,3340.3972533583405,92.11937990323659,9.232502910129536
2018-02-01,Soyabean,15589576.0,4530,3441.4075055187636,3340.3972533583405,103.02389938977679,24.073451989859464
2018-03-01,Soyabean,12946821.0,3758,3445.135976583289,3340.3972533583405,103.13551698438403,25.24194794544257
2018-04-01,Soyabean,11874554.5,3443,3448.897618356085,3340.3972533583405,103.24812759586189,23.617082634243758
2018-05-01,Soyabean,13552095.0,4011,3378.7322363500375,3340.3972533583405,101.14761748630812,22.3516039166338
2018-06-01,Soyabean,11432442.0,3547,3223.129968987877,3340.3972533583405,96.48942100366756,17.236480858467207
2018-07-01,Soyabean,12558577.500000002,3832,3277.290579331942,3340.3972533583405,98.11080331948685,17.122563728397978
2018-08-01,Soyabean,10034693.000000002,3136,3199.838329081633,3340.3972533583405,95.79214944763251,11.031938332169378
2018-09-01,Soyabean,8890210.0,2880,3086.878472222222,3340.3972533583405,92.41052000982104,7.874427862484112
2018-10-01,Soyabean,17173072.0,5762,2980.4012495661227,3340.3972533583405,89.22295833436313,13.527634096241513
2018-11-01,Soyabean,14073467.5,4416,3186.926517210145,3340.3972533583405,95.40561422765211,22.13955352351178
2018-12-01,Soyabean,18411696.5,5783,3183.7621476742174,3340.3972533583405,95.31088389182914,12.826067841950838
2019-01-01,Soyabean,21777384.8,6360,3424.117106918239,3340.3972533583405,102.5062843491363,11.27548237603233
2019-02-01,Soyabean,17544653.0,4929,3559.475147088659,3340.3972533583405,106.5584383267608,3.4307951435730066
2019-03-01,Soyabean,14864241.1,4269,3481.902342468962,3340.3972533583405,104.23617547189504,1.0671963642531201
2019-04-01,Soyabean,14395755.700000001,4055,3550.124710234279,3340.3972533583405,106.2785184206784,2.935056446426021
2019-05-01,Soyabean,14134944.4,3995,3538.158798498123,3340.3972533583405,105.92030019606078,4.718532011293997
2019-06-01,Soyabean,15062731.7,4285,3515.223267211202,3340.3972533583405,105.23368930677618,9.062411414797754
2019-07-01,Soyabean,16792956.0,4877,3443.296288702071,3340.3972533583405,103.08044305928819,5.065333858920984
2019-08-01,Soyabean,13138414.1,3785,3471.1794187582564,3340.3972533583405,103.91516803183906,8.479837472116891
2019-09-01,Soyabean,12990214.5,3581,3627.5382574699806,3340.3972533583405,108.59601365744618,17.5147739087552
2019-10-01,Soyabean,17003776.2,5048,3368.4184231378763,3340.3972533583405,100.83885740689566,13.018957552384602
2019-11-01,Soyabean,25407880.3,7238,3510.3454407294835,3340.3972533583405,105.08766396572389,10.14830187557827
2019-12-01,Soyabean,27103360.2,7085,3825.456626676076,3340.3972533583405,114.52100862644616,20.155226717254138
2020-01-01,Soyabean,25321453.0,6416,3946.6105049875314,3340.3972533583405,118.14793887223207,15.259215200719133
2020-02-01,Soyabean,17818615.0,4792,3718.4088063439067,3340.3972533583405,111.31636521990085,4.465086921178307
2020-03-01,Soyabean,9874869.0,2885,3422.831542461005,3340.3972533583405,102.46779897270564,-1.6965093847540524
2020-04-01,Soyabean,1924581.0,529,3638.149338374291,3340.3972533583405,108.91367290871165,2.479479886615099
2020-05-01,Soyabean,9358039.29,2618,3574.4993468296407,3340.3972533583405,107.00821117116955,1.027103372153415
2020-06-01,Soyabean,15513717.89,4337,3577.0619990777036,3340.3972533583405,107.08492816180552,1.7591693945392617
2020-07-01,Soyabean,13035200.0,3730,3494.691689008043,3340.3972533583405,104.61904450120653,1.492622068992655
2020-08-01,Soyabean,10387706.0,2924,3552.567031463748,3340.3972533583405,106.3516331146572,2.3446674137808543
2020-09-01,Soyabean,11683161.0,3298,3542.4987871437233,3340.3972533583405,106.05022452291253,-2.34427494048175
2020-10-01,Soyabean,14661082.500000002,4005,3660.694756554308,3340.3972533583405,109.58860515389146,8.676960421804104
2020-11-01,Soyabean,18480273.0,4721,3914.4827367083244,3340.3972533583405,117.18614403639612,11.512750035644848
2020-12-01,Soyabean,21040001.0,5257,4002.2828609473086,3340.3972533583405,119.81457765011412,4.6223562708349375
2021-01-01,Soyabean,14666937.0,3525,4160.8331914893615,3340.3972533583405,124.56102900055309,5.4280169332926675
2021-02-01,Soyabean,16731371.0,3766,4442.743228890069,3340.3972533583405,133.0004455135826,19.47968769088513
2021-03-01,Soyabean,14904578.999999998,3002,4964.883077948034,3340.3972533583405,148.63151599578407,45.05192605471604
2021-04-01,Soyabean,10125743.0,1645,6155.466869300912,3340.3972533583405,184.2734981030289,69.19225399503487
2021-05-01,Soyabean,8230546.0,1255,6558.203984063745,3340.3972533583405,196.3300615658905,83.47195922361732
2021-06-01,Soyabean,21227284.0,3224,6584.145161290323,3340.3972533583405,197.10665115266784,84.06572664907553
2021-07-01,Soyabean,22371770.0,2935,7622.408858603067,3340.3972533583405,228.18869375310715,118.11391495787893
2021-08-01,Soyabean,20846760.0,2492,8365.473515248796,3340.3972533583405,250.43349280803014,135.47686619728628
2021-09-01,Soyabean,16899938.0,2506,6743.790103750997,3340.3972533583405,201.88587141756813,90.36816972881559
2021-10-01,Soyabean,19997219.0,4132,4839.5980154888675,3340.3972533583405,144.88091231135078,32.20435838917701
2021-11-01,Soyabean,24389426.7,4395,5549.357610921502,3340.3972533583405,166.12867243087138,41.76477415220226
2021-12-01,Soyabean,31405588.0,5208,6030.258832565284,3340.3972533583405,180.52520030372534,50.670480874956716
2022-01-01,Soyabean,21412933.9,3558,6018.250112422709,3340.3972533583405,180.16570054271634,44.64050432813649
2022-02-01,Soyabean,22508409.0,3533,6370.905462779508,3340.3972533583405,190.72298830249545,43.400262732968045
2022-03-01,Soyabean,21804448.0,3103,7026.892684498872,3340.3972533583405,210.36098857506343,41.531886535444016
2022-04-01,Soyabean,18369036.0,2595,7078.626589595376,3340.3972533583405,211.90972368567017,14.997395646762834
2022-05-01,Soyabean,16370393.5,2524,6485.892828843106,3340.3972533583405,194.16531438954974,-1.1026060701428864
2022-06-01,Soyabean,19120495.0,3103,6161.938446664518,3340.3972533583405,184.46723486164646,-6.412475792727856
2022-07-01,Soyabean,17082469.0,2917,5856.1772368872125,3340.3972533583405,175.3137963156801,-23.171567603886633
2022-08-01,Soyabean,14345848.5,2510,5715.477490039841,3340.3972533583405,171.10173002009452,-31.67777676157214
2022-09-01,Soyabean,12585954.500000002,2573,4891.548581422465,3340.3972533583405,146.4361335019253,-27.465883336112242
2022-10-01,Soyabean,15849105.5,3417,4638.310067310506,3340.3972533583405,138.85504374209626,-4.15918734436519
2022-11-01,Soyabean,22617107.5,4307,5251.243905270489,3340.3972533583405,157.20417384462397,-5.37203991078724
2022-12-01,Soyabean,22836089.0,4368,5228.042353479854,3340.3972533583405,156.50959921679163,-13.303184844292415
2023-01-01,Soyabean,15778302.5,3011,5240.220026569246,3340.3972533583405,156.87415684768865,-12.927845658117032
2023-02-01,Soyabean,16081563.0,3138,5124.781070745698,3340.3972533583405,153.41831171706866,-19.55961204123955
2023-03-01,Soyabean,11932008.5,2384,5005.0371224832215,3340.3972533583405,149.83358992560838,-28.773110004594304
2023-04-01,Soyabean,11051422.0,2193,5039.408116735066,3340.3972533583405,150.86253922848812,-28.80810913034577
2023-05-01,Soyabean,12522309.9,2583,4847.97131242741,3340.3972533583405,145.1315800105331,-25.253601310397432
2023-06-01,Soyabean,13951749.99,2924,4771.460324897401,3340.3972533583405,142.84110430579207,-22.565595774813175
2023-07-01,Soyabean,14503430.500000002,3071,4722.706121784436,3340.3972533583405,141.3815712199009,-19.35513679407117
2023-08-01,Soyabean,12542505.0,2634,4761.771070615034,3340.3972533583405,142.5510413717316,-16.686382215428143
2023-09-01,Soyabean,7786226.5,1663,4682.036380036079,3340.3972533583405,140.16405908994486,-4.283146694731588
2023-10-01,Soyabean,15262832.26,3420,4462.816450292397,3340.3972533583405,133.60136869366684,-3.783568033860818
2023-11-01,Soyabean,14810023.5,3060,4839.876960784314,3340.3972533583405,144.8892629736909,-7.833704773707062
2023-12-01,Soyabean,15027150.000000002,3248,4626.585591133005,3340.3972533583405,138.50405326736416,-11.504435535923152
2024-01-01,Soyabean,32615503.5,7408,4402.740753239741,3340.3972533583405,131.80290903464703,-15.9817578094674
2024-02-01,Soyabean,31655950.700000003,7368,4296.410247014115,3340.3972533583405,128.61973954429,-16.164023639180524
2024-03-01,Soyabean,28900407.499999996,6652,4344.619287432351,3340.3972533583405,130.06295233491747,-13.195063670640828
2024-04-01,Soyabean,23192055.0,5199,4460.868436237738,3340.3972533583405,133.54305185567097,-11.48031012959818
2024-05-01,Soyabean,31652143.0,7088,4465.595795711061,3340.3972533583405,133.68457273222452,-7.88733043316816
2024-06-01,Soyabean,35211270.0,8020,4390.432668329177,3340.3972533583405,131.43444732255008,-7.985556425566964
2024-07-01,Soyabean,42388605.0,9850,4303.411675126904,3340.3972533583405,128.82933821120756,-8.878266736171692
2024-08-01,Soyabean,31344614.0,7308,4289.082375478927,3340.3972533583405,128.40036828454478,-9.926741292815944
2024-09-01,Soyabean,32098230.000000004,7228,4440.817653569453,3340.3972533583405,132.94280041407592,-5.152004531514731
2024-10-01,Soyabean,37530895.0,8945,4195.740078256009,3340.3972533583405,125.60602108140675,-5.984480316659435
2024-11-01,Soyabean,41247481.58,9979,4133.428357550857,3340.3972533583405,123.74062256802617,-14.596416581610272
2024-12-01,Soyabean,40277190.5,9908,4065.1181368591037,3340.3972533583405,121.69564960491299,-12.135676368983017
2025-01-01,Soyabean,22720261.0,5566,4081.972871002515,3340.3972533583405,122.20022235075831,-7.285640927215398
2025-02-01,Soyabean,19676660.0,4823,4079.755339000622,3340.3972533583405,122.13383707278983,-5.042696008000213
2025-03-01,Soyabean,21080255.0,5330,3955.019699812383,3340.3972533583405,118.39968123061168,-8.967404549046677
2025-04-01,Soyabean,25235782.666666668,6089,4144.487217386544,3340.3972533583405,124.07168677976233,-7.092368299434238
2025-05-01,Soyabean,28239326.833333332,6869,4111.126340563886,3340.3972533583405,123.07297691706206,-7.937786386479995
2025-06-01,Soyabean,17039476.0,4154,4101.944150216658,3340.3972533583405,122.79809373249483,-6.570844832527801
2025-07-01,Soyabean,17072299.5,4096,4168.0418701171875,3340.3972533583405,124.7768320347754,-3.145639209749207
2025-08-01,Soyabean,14837770.0,3319,4470.554383850557,3340.3972533583405,133.83301579942292,4.231021754422848
2025-09-01,Soyabean,14924119.0,3555,4198.064416315049,3340.3972533583405,125.67560376522387,-5.466408580394699
2025-10-01,Soyabean,16787156.0,4220,3977.9990521327013,3340.3972533583405,119.08760397085507,-5.189573759626553
2025-11-01,Soyabean,30764184.59,7337,4193.019570669211,3340.3972533583405,125.52457844508369,1.4416897539664353
2025-12-01,Soyabean,30073791.64,6592,4562.164993932039,3340.3972533583405,136.5755222480011,12.227119614707572
2026-01-01,Soyabean,19357694.68,3758,5151.062980308675,3340.3972533583405,154.20510165759305,26.19052460884179
2026-02-01,Soyabean,22171692.59,4157,5333.58012749579,3340.3972533583405,159.66903703245356,30.732842641546874
2026-03-01,Soyabean,20183504.76,3571,5652.059579949594,3340.3972533583405,169.2032160027426,42.90850637779919
2026-04-01,Soyabean,35993798.02,6447,5583.030559950365,3340.3972533583405,167.13672466163553,34.70980285640613
2026-05-01,Soyabean,42631944.16,6384,6677.93611528822,3340.3972533583405,199.9144295958935,62.43568214866071
2026-06-01,Soyabean,46536757.95,7059,6592.542562685933,3340.3972533583405,197.35804045635527,60.71751153261622
2026-07-01,Soyabean,44356534.06,6561,6760.636192653559,3340.3972533583405,202.39018535464928,62.2017341314155
2001-02-01,Tomato,350.0,1,350.0,1741.9551570914261,20.09236567170887,
2001-03-01,Tomato,350.0,2,175.0,1741.9551570914261,10.046182835854435,
2001-04-01,Tomato,7850.000000000001,30,261.6666666666667,1741.9551570914261,15.021435287896631,
2001-05-01,Tomato,6199.999999999999,25,247.99999999999997,1741.9551570914261,14.236876247382282,
2001-06-01,Tomato,27020.0,45,600.4444444444445,1741.9551570914261,34.46956955235388,
2001-07-01,Tomato,38800.0,55,705.4545454545455,1741.9551570914261,40.49785912011969,
2001-08-01,Tomato,25500.0,44,579.5454545454545,1741.9551570914261,33.26982627458286,
2001-09-01,Tomato,16825.0,61,275.8196721311475,1741.9551570914261,15.833913462599611,
2001-10-01,Tomato,21395.0,63,339.6031746031746,1741.9551570914261,19.495517621143364,
2001-11-01,Tomato,35125.0,49,716.8367346938776,1741.9551570914261,41.151273715380405,
2001-12-01,Tomato,52110.0,105,496.2857142857143,1741.9551570914261,28.490154425925144,
2002-01-01,Tomato,65405.0,199,328.6683417085427,1741.9551570914261,18.867784303777725,
2002-02-01,Tomato,68995.0,180,383.30555555555554,1741.9551570914261,22.004329674913546,9.515873015873023
2002-03-01,Tomato,91979.2,210,437.99619047619046,1741.9551570914261,25.143941776751625,150.283537414966
2002-04-01,Tomato,194588.00000000003,506,384.56126482213443,1741.9551570914261,22.07641587423199,46.96608846705772
2002-05-01,Tomato,273870.0,563,486.4476021314387,1741.9551570914261,27.925380291859465,96.14822666590273
2002-06-01,Tomato,387284.0,693,558.8513708513708,1741.9551570914261,32.08184599794721,-6.927047785671037
2002-07-01,Tomato,893383.0,1222,731.082651391162,1741.9551570914261,41.9690856228391,3.6328500683348253
2002-08-01,Tomato,1700838.0,1982,858.1422805247225,1741.9551570914261,49.26316713901971,48.0716091885796
2002-09-01,Tomato,1400484.0,2491,562.2175832998796,1741.9551570914261,32.27508934493035,103.83520107751951
2002-10-01,Tomato,1708418.0,2377,718.7286495582667,1741.9551570914261,41.25988241616626,111.63778883931204
2002-11-01,Tomato,2117151.0,2880,735.121875,1741.9551570914261,42.20096435934931,2.550809608540927
2002-12-01,Tomato,761390.5,1946,391.2592497430627,1741.9551570914261,22.4609254807888,-21.16250005177205
2003-01-01,Tomato,733356.0,2216,330.93682310469313,1741.9551570914261,18.998010468723216,0.6902038037365887
2003-02-01,Tomato,863147.0000000001,2386,361.7548197820621,1741.9551570914261,20.767171778755237,-5.622338487178524
2003-03-01,Tomato,1207548.0,2730,442.3252747252747,1741.9551570914261,25.39246047319801,0.9883839958465312
2003-04-01,Tomato,2155531.5,3024,712.8080357142857,1741.9551570914261,40.91999916372555,85.35617102361324
2003-05-01,Tomato,2765465.0,3496,791.0368993135012,1741.9551570914261,45.41086468806176,62.61502695202146
2003-06-01,Tomato,2956369.0,3631,814.2024235747728,1741.9551570914261,46.74072235787408,45.69212245724521
2003-07-01,Tomato,3929882.0,3527,1114.227955769776,1741.9551570914261,63.964215797048546,52.40793276239486
2003-08-01,Tomato,2007214.0,3107,646.0296105568073,1741.9551570914261,37.086466200168694,-24.7176575239034
2003-09-01,Tomato,2386499.0,3418,698.215038033938,1741.9551570914261,40.08226246189713,24.189470193343098
2003-10-01,Tomato,1713899.75,2295,746.7972766884532,1741.9551570914261,42.8712113310307,3.9053163036477656
2003-11-01,Tomato,1470505.5,2043,719.7775330396476,1741.9551570914261,41.32009541746603,-2.0873194611917167
2003-12-01,Tomato,1549729.0,2358,657.2217981340119,1741.9551570914261,37.72897341579028,67.97604109439077
2004-01-01,Tomato,2165719.5,4369,495.7014190890364,1741.9551570914261,28.456611932348363,49.7873263055467
2004-02-01,Tomato,982432.0,2274,432.02814423922604,1741.9551570914261,24.80133558435518,19.42567745178898
2004-03-01,Tomato,890538.5,2517,353.80949543106874,1741.9551570914261,20.311056458068116,-20.011467657863903
2004-04-01,Tomato,711338.5,1984,358.5375504032258,1741.9551570914261,20.58247877068675,-49.70068623820367
2004-05-01,Tomato,902933.0,2090,432.02535885167464,1741.9551570914261,24.80117568428312,-45.3849296756439
2004-06-01,Tomato,1779009.5,2480,717.3425403225806,1741.9551570914261,41.18031037723958,-11.896290215758242
2004-07-01,Tomato,1741477.5,2236,778.836091234347,1741.9551570914261,44.710455838299744,-30.10083015766014
2004-08-01,Tomato,2372705.0,2359,1005.8096651123358,1741.9551570914261,57.74027310736025,55.69095420338972
2004-09-01,Tomato,1657580.0,2436,680.4515599343185,1741.9551570914261,39.06251875452872,-2.5441271144257316
2004-10-01,Tomato,1803423.0,2472,729.5400485436893,1741.9551570914261,41.88052979284584,-2.3108316920072425
2004-11-01,Tomato,1653332.5,2235,739.7460850111856,1741.9551570914261,42.466425269313646,2.774267194366309
2004-12-01,Tomato,1538928.0,2856,538.8403361344538,1741.9551570914261,30.93307734937133,-18.012406517201285
2005-01-01,Tomato,1251800.0,2826,442.95824486907287,1741.9551570914261,25.42879723773649,-10.640109587923119
2005-02-01,Tomato,1193636.0,2750,434.0494545454545,1741.9551570914261,24.917372458094427,0.4678654233945645
2005-03-01,Tomato,1332616.0,3047,437.35346242205446,1741.9551570914261,25.107044842205433,23.612697813324314
2005-04-01,Tomato,1595962.0,2934,543.9543285616905,1741.9551570914261,31.226655080486736,51.714744508612156
2005-05-01,Tomato,1804952.0,3438,525.000581733566,1741.9551570914261,30.138581903001967,21.52077904154053
2005-06-01,Tomato,1464609.0,3433,426.6265656859889,1741.9551570914261,24.491248465794893,-40.52679972190971
2005-07-01,Tomato,2646925.0,3540,747.7189265536723,1741.9551570914261,42.924120262782886,-3.9953418993922463
2005-08-01,Tomato,3632474.5,4098,886.4017813567594,1741.9551570914261,50.885453494497554,-11.871817093966786
2005-09-01,Tomato,3775975.0,4448,848.9152428057554,1741.9551570914261,48.733472807830736,24.757630489920256
2005-10-01,Tomato,4036362.0,4773,845.6656191074795,1741.9551570914261,48.54692244314157,15.917641642237545
2005-11-01,Tomato,4124303.0,4274,964.9749649040712,1741.9551570914261,55.396085311134364,30.4467822752289
2005-12-01,Tomato,3300994.5,5320,620.4876879699248,1741.9551570914261,35.620187204242626,15.152420180937964
2006-01-01,Tomato,2040324.5,4145,492.23751507840774,1741.9551570914261,28.257760429396217,11.125037355135014
2006-02-01,Tomato,1653101.0,3442,480.273387565369,1741.9551570914261,27.57093864386785,10.649462298788293
2006-03-01,Tomato,2378088.0,4292,554.0745573159367,1741.9551570914261,31.807624614234328,26.68804637957667
2006-04-01,Tomato,1935989.0,3957,489.25676017184736,1741.9551570914261,28.086644950652357,-10.055544283372653
2006-05-01,Tomato,2585261.0,4299,601.3633403117004,1741.9551570914261,34.52232038600854,14.54527123112559
2006-06-01,Tomato,4825244.0,4523,1066.8237895202299,1741.9551570914261,61.24289624662467,150.06032800719845
2006-07-01,Tomato,5065941.0,5249,965.1249761859402,1741.9551570914261,55.40469697264921,29.07590565271885
2006-08-01,Tomato,5050106.0,5462,924.5891614793117,1741.9551570914261,53.07766722440288,4.308134406510455
2006-09-01,Tomato,5460782.0,5312,1028.0086596385543,1741.9551570914261,59.01464543754609,21.096737083065676
2006-10-01,Tomato,4594807.0,4976,923.3936897106109,1741.9551570914261,53.00903906461163,9.191348075042471
2006-11-01,Tomato,3794746.0,4786,792.884663602173,1741.9551570914261,45.51693884738496,-17.83365450512031
2006-12-01,Tomato,4339356.0,4868,891.4042728019721,1741.9551570914261,51.17263031560272,43.66187920962885
2007-01-01,Tomato,3627704.0,4564,794.851884312007,1741.9551570914261,45.62987061269622,61.47730718683566
2007-02-01,Tomato,2558602.0,3970,644.4841309823678,1741.9551570914261,36.99774522660357,34.19109775151732
2007-03-01,Tomato,3228098.0,4790,673.9244258872651,1741.9551570914261,38.68781714292398,21.630639232364057
2007-04-01,Tomato,2878792.5,4594,626.6418154114061,1741.9551570914261,35.97347571551275,28.08035911272915
2007-05-01,Tomato,3159694.0,4926,641.431993503857,1741.9551570914261,36.82253190575052,6.662969041542843
2007-06-01,Tomato,4947296.5,5635,877.958562555457,1741.9551570914261,50.40075566706322,-17.703507253968244
2007-07-01,Tomato,6400575.0,5827,1098.4340140724214,1741.9551570914261,63.05753679138885,13.81261921262289
2007-08-01,Tomato,7038466.0,6266,1123.2789658474305,1741.9551570914261,64.48380495184443,21.489523417105815
2007-09-01,Tomato,5130751.0,5752,891.9942628650904,1741.9551570914261,51.20649973300514,-13.230860995012073
2007-10-01,Tomato,5475542.0,6220,880.3122186495177,1741.9551570914261,50.535871435369835,-4.665558313983587
2007-11-01,Tomato,5308175.0,6026,880.8786923332227,1741.9551570914261,50.56839085364526,11.097960746432145
2007-12-01,Tomato,4287296.0,6456,664.0793060718711,1741.9551570914261,38.12264072174489,-25.501893323390178
2008-01-01,Tomato,4716367.0,8024,587.7825274177468,1741.9551570914261,33.7426899323389,-26.051313581962678
2008-02-01,Tomato,6354332.0,8487,748.7135619182279,1741.9551570914261,42.9812190555105,16.172536440421936
2008-03-01,Tomato,6322276.0,8333,758.7034681387255,1741.9551570914261,43.55470719496283,12.579903472090837
2008-04-01,Tomato,7335085.5,8311,882.5755625075202,1741.9551570914261,50.665802670900696,40.8421112032058
2008-05-01,Tomato,5301767.0,8505,623.3706055261611,1741.9551570914261,35.78568615778917,-2.8157915664659305
2008-06-01,Tomato,5450070.0,8626,631.8189195455599,1741.9551570914261,36.27067648518113,-28.03545104605658
2008-07-01,Tomato,7566957.0,8713,868.4674624124871,1741.9551570914261,49.85590236792219,-20.93585492744695
2008-08-01,Tomato,7440800.0,8089,919.866485350476,1741.9551570914261,52.806553693746835,-18.108812386021576
2008-09-01,Tomato,9988140.0,8804,1134.5002271694684,1741.9551570914261,65.12798119693069,27.186942158736272
2008-10-01,Tomato,14621080.5,8271,1767.752448313384,1741.9551570914261,101.48093888163184,100.80971397003711
2008-11-01,Tomato,13760367.0,8278,1662.2815897559797,1741.9551570914261,95.42619871636197,88.70720840721214
2008-12-01,Tomato,7512924.0,8572,876.4493700419972,1741.9551570914261,50.31411781606482,31.97962382329407
2009-01-01,Tomato,4563147.0,7457,611.9279871261901,1741.9551570914261,35.12880252026334,4.107890007299031
2009-02-01,Tomato,3922140.0,7303,537.0587429823361,1741.9551570914261,30.830801860541158,-28.26913117395997
2009-03-01,Tomato,4212013.0,7846,536.8357124649503,1741.9551570914261,30.81799840136612,-29.24301324443236
2009-04-01,Tomato,4556239.0,7593,600.0578164098512,1741.9551570914261,34.44737448992536,-32.01060148266476
2009-05-01,Tomato,5695929.0,7799,730.3409411463008,1741.9551570914261,41.92650644151851,17.15999032868263
2009-06-01,Tomato,8002732.0,7825,1022.7133546325879,1741.9551570914261,58.710659138908646,61.86811173178883
2009-07-01,Tomato,10755742.0,8079,1331.3209555638075,1741.9551570914261,76.42682133027684,53.29543283816012
2009-08-01,Tomato,10325391.0,7519,1373.239925522011,1741.9551570914261,78.8332535387957,49.286874496660914
2009-09-01,Tomato,7820981.0,7976,980.5643179538616,1741.9551570914261,56.29101954559654,-13.568609818586875
2009-10-01,Tomato,7205183.0,8493,848.3672436123867,1741.9551570914261,48.70201395017084,-52.00870775646129
2009-11-01,Tomato,11026012.0,8161,1351.0613895355962,1741.9551570914261,77.56005566707513,-18.72247170024124
2009-12-01,Tomato,9450892.0,8629,1095.2476532622552,1741.9551570914261,62.87461814407495,24.964166864513082
2010-01-01,Tomato,9137312.5,9862,926.5171871831271,1741.9551570914261,53.18834893144721,51.40951332106063
2010-02-01,Tomato,6877778.0,9623,714.7228515016108,1741.9551570914261,41.02992253227668,33.08094521144738
2010-03-01,Tomato,6850674.5,10822,633.0322029199779,1741.9551570914261,36.3403271515303,17.919167488565346
2010-04-01,Tomato,7301145.0,10666,684.5251265704106,1741.9551570914261,39.296369012929965,14.076528602848292
2010-05-01,Tomato,8749063.0,10679,819.2773667946437,1741.9551570914261,47.032058400550675,12.177384648429213
2010-06-01,Tomato,12584618.0,10733,1172.5163514394858,1741.9551570914261,67.31036368337159,14.647603468590198
2010-07-01,Tomato,20371519.0,10477,1944.4038369762336,1741.9551570914261,111.62192258857223,46.05071968936212
2010-08-01,Tomato,16749113.0,10431,1605.7053973732145,1741.9551570914261,92.17834287159778,16.928248846452387
2010-09-01,Tomato,17105017.0,10386,1646.9301944925862,1741.9551570914261,94.54492486721043,67.95738579690793
2010-10-01,Tomato,12920205.0,10029,1288.284475022435,1741.9551570914261,73.95623646096072,51.854575329530704
2010-11-01,Tomato,8958883.0,9519,941.1579997898939,1741.9551570914261,54.02883053323614,-30.339360810732618
2010-12-01,Tomato,13281426.0,10193,1302.9948003531836,1741.9551570914261,74.80070856294701,18.96805224573108
2011-01-01,Tomato,16645543.0,10654,1562.374976534635,1741.9551570914261,89.69088384246129,68.62881748418445
2011-02-01,Tomato,8470176.0,9901,855.4869205130794,1741.9551570914261,49.11073152660837,19.694916528235762
2011-03-01,Tomato,8633068.0,10405,829.703796251802,1741.9551570914261,47.63060592427496,31.068181432893958
2011-04-01,Tomato,7920001.5,10227,774.4207978879436,1741.9551570914261,44.4569881569746,13.132559759774765
2011-05-01,Tomato,6990421.5,10729,651.5445521483829,1741.9551570914261,37.40306112335742,-20.473263566709033
2011-06-01,Tomato,9146732.0,11113,823.0659587870063,1741.9551570914261,47.24954918824054,-29.803455808822033
2011-07-01,Tomato,14351745.0,11240,1276.845640569395,1741.9551570914261,73.29957004756467,-34.33228137653577
2011-08-01,Tomato,11608957.0,11061,1049.5395533857698,1741.9551570914261,60.25066426728256,-34.63685461213998
2011-09-01,Tomato,11933575.0,10728,1112.3764914243102,1741.9551570914261,63.857929229456474,-32.457581071489805
2011-10-01,Tomato,16428411.0,10077,1630.2878832986007,1741.9551570914261,93.58954371826206,26.547196283663197
2011-11-01,Tomato,16204592.0,10984,1475.2906045156592,1741.9551570914261,84.69165227990015,56.75270303657898
2011-12-01,Tomato,8956787.0,11327,790.746623112916,1741.9551570914261,45.39420087215333,-39.31314055139897
2012-01-01,Tomato,6260260.0,8884,704.6668167492121,1741.9551570914261,40.452638168126384,-54.89771486790125
2012-02-01,Tomato,6623762.5,8814,751.5047084184253,1741.9551570914261,43.14144973015414,-12.15474013703104
2012-03-01,Tomato,11331845.0,10109,1120.9659709170046,1741.9551570914261,64.35102340916178,35.104356034163445
2012-04-01,Tomato,12363162.0,9628,1284.084129621936,1741.9551570914261,73.715108244577,65.81219578864399
2012-05-01,Tomato,11034890.0,9771,1129.351141131921,1741.9551570914261,64.83238885538356,73.33444618760656
2012-06-01,Tomato,11154718.0,9653,1155.5700818398425,1741.9551570914261,66.33753326746474,40.398235342263966
2012-07-01,Tomato,18216895.0,10280,1772.0714980544747,1741.9551570914261,101.72888152949552,38.78509991734309
2012-08-01,Tomato,17000902.0,10142,1676.2869256556892,1741.9551570914261,96.23019965993933,59.71641280674553
2012-09-01,Tomato,12431330.0,10060,1235.7186878727634,1741.9551570914261,70.93860498315382,11.088170003532106
2012-10-01,Tomato,11046242.0,10277,1074.8508319548507,1741.9551570914261,61.7037027376496,-34.06987545168532
2012-11-01,Tomato,11164565.0,9901,1127.6199373800625,1741.9551570914261,64.73300605871334,-23.56624966440003
2012-12-01,Tomato,10000519.0,10459,956.1639736112439,1741.9551570914261,54.89027485688944,20.919134608141988
2013-01-01,Tomato,10033993.0,11385,881.3344751866491,1741.9551570914261,50.594555870096514,25.071090938047135
2013-02-01,Tomato,8373027.0,10600,789.9082075471698,1741.9551570914261,45.346070151776686,5.110214041049255
2013-03-01,Tomato,10348175.0,11221,922.2150432225292,1741.9551570914261,52.94137678965102,-17.730326597861612
2013-04-01,Tomato,11427016.0,11214,1018.9955412876761,1741.9551570914261,58.49723152397972,-20.644176048831632
2013-05-01,Tomato,15707652.0,11841,1326.5477577907272,1741.9551570914261,76.15280751576222,17.461054359157146
2013-06-01,Tomato,19757829.0,10998,1796.4929078014184,1741.9551570914261,103.13083551479332,55.463778098263816
2013-07-01,Tomato,32350219.0,11718,2760.7287079706434,1741.9551570914261,158.48448777408723,55.79104516954296
2013-08-01,Tomato,22973791.0,10800,2127.2028703703704,1741.9551570914261,122.11582265540058,26.899687506558756
2013-09-01,Tomato,21407296.0,11522,1857.9496615170976,1741.9551570914261,106.65886856808355,50.35377224208513
2013-10-01,Tomato,23036496.0,11081,2078.9185091598233,1741.9551570914261,119.3439739649229,93.41460669280559
2013-11-01,Tomato,31412450.0,9569,3282.730692862368,1741.9551570914261,188.45092995066545,191.1203131517467
2013-12-01,Tomato,19718473.5,9934,1984.9480068451783,1741.9551570914261,113.94943197960858,107.59493785866229
2014-01-01,Tomato,11198751.0,9868,1134.8551884880421,1741.9551570914261,65.14835837582238,28.765550473638555
2014-02-01,Tomato,7417776.0,8532,869.4064697609001,1741.9551570914261,49.909807736530006,10.064240560379645
2014-03-01,Tomato,8516253.0,9304,915.332437661221,1741.9551570914261,52.546268710474045,-0.746312436767238
2014-04-01,Tomato,9311801.0,8931,1042.6381144328743,1741.9551570914261,59.85447502413242,2.3201841605039464
2014-05-01,Tomato,8525041.0,9020,945.1264966740576,1741.9551570914261,54.25664907770372,-28.752923434275747
2014-06-01,Tomato,8285701.0,8867,934.4424269764295,1741.9551570914261,53.64331126277009,-47.985186976328364
2014-07-01,Tomato,23958550.0,9336,2566.254284490146,1741.9551570914261,147.32034140161602,-7.044314891174219
2014-08-01,Tomato,30643773.0,8864,3457.104354693141,1741.9551570914261,198.46115674214775,62.51878947921972
2014-09-01,Tomato,22329384.0,9291,2403.3348401679045,1741.9551570914261,137.96766411489008,29.35414182349141
2014-10-01,Tomato,16698882.0,8901,1876.0680822379509,1741.9551570914261,107.69898838098999,-9.757497757997868
2014-11-01,Tomato,13392433.9,9316,1437.5734113353371,1741.9551570914261,82.52643045850155,-56.20800041681613
2014-12-01,Tomato,15985813.0,10883,1468.8792612331158,1741.9551570914261,84.32359784081525,-25.999106466888676
2015-01-01,Tomato,21293614.0,14510,1467.5130254996554,1741.9551570914261,84.24516667524256,29.312800468825493
2015-02-01,Tomato,17707279.0,13358,1325.593576882767,1741.9551570914261,76.09803108227736,52.471096430571215
2015-03-01,Tomato,18878838.0,14112,1337.7861394557824,1741.9551570914261,76.79796658425514,46.1530351610808
2015-04-01,Tomato,18528617.0,13391,1383.6619371219476,1741.9551570914261,79.4315474476549,32.70778403056631
2015-05-01,Tomato,22838318.0,13569,1683.1246223008327,1741.9551570914261,96.6227296637863,78.08458743076439
2015-06-01,Tomato,24593625.0,14544,1690.9808168316831,1741.9551570914261,97.07372833036322,80.9614769208608
2015-07-01,Tomato,28433203.0,14319,1985.6975347440464,1741.9551570914261,113.99245994710915,-22.622728903166443
2015-08-01,Tomato,23413142.0,14142,1655.5750247489748,1741.9551570914261,95.04119655487104,-52.11093288226971
2015-09-01,Tomato,24705569.0,14211,1738.4820913376961,1741.9551570914261,99.80062255106905,-27.66375861233551
2015-10-01,Tomato,27669898.0,14165,1953.39908224497,1741.9551570914261,112.1383104664184,4.1219719443641445
2015-11-01,Tomato,34378394.0,12566,2735.8263568359066,1741.9551570914261,157.05492450241746,90.30863643301839
2015-12-01,Tomato,27683205.0,14227,1945.8216770928516,1741.9551570914261,111.7033161945354,32.469817530090616
2016-01-01,Tomato,15488867.0,8783,1763.50529431857,1741.9551570914261,101.23712353555223,20.169651899214713
2016-02-01,Tomato,10257033.0,8543,1200.6359592648953,1741.9551570914261,68.92461923472352,-9.42654066804689
2016-03-01,Tomato,9015305.0,8619,1045.9803921568628,1741.9551570914261,60.0463443561518,-21.812585636268267
2016-04-01,Tomato,9799663.0,8229,1190.8692429213756,1741.9551570914261,68.36394370276393,-13.933511432827729
2016-05-01,Tomato,17103358.0,9644,1773.4713811696392,1741.9551570914261,101.80924428220278,5.367799726279476
2016-06-01,Tomato,26182660.0,8930,2931.9888017917133,1741.9551570914261,168.31597471701326,73.38983225636191
2016-07-01,Tomato,24360907.0,8584,2837.9434995340166,1741.9551570914261,162.91713870939031,42.91922359161431
2016-08-01,Tomato,15283439.0,8879,1721.301835792319,1741.9551570914261,98.81435976035156,3.970029147625609
2016-09-01,Tomato,11911685.0,8311,1433.2432920226206,1741.9551570914261,82.27785234240662,-17.557776455448305
2016-10-01,Tomato,13079069.0,8502,1538.3520348153377,1741.9551570914261,88.31180461522051,-21.24742717461676
2016-11-01,Tomato,10894312.0,8857,1230.022806819465,1741.9551570914261,70.61162291188116,-55.04017264304611
2016-12-01,Tomato,8125779.0,8836,919.6218877320055,1741.9551570914261,52.79251213719615,-52.73863486267851
2017-01-01,Tomato,5239104.0,6439,813.6518092871564,1741.9551570914261,46.70911337612878,-53.86167470500525
2017-02-01,Tomato,5326313.0,5898,903.0710410308579,1741.9551570914261,51.84238166835086,-24.783941871624883
2017-03-01,Tomato,7160712.0,6680,1071.962874251497,1741.9551570914261,61.53791444559185,2.4840314684156706
2017-04-01,Tomato,7207748.0,6400,1126.210625,1741.9551570914261,64.65210200246797,-5.429531269340593
2017-05-01,Tomato,6690143.0,6556,1020.4611043319097,1741.9551570914261,58.58136474855024,-42.459680197438786
2017-06-01,Tomato,9934726.0,6658,1492.1486933012916,1741.9551570914261,85.65942052106318,-49.1079675205631
2017-07-01,Tomato,29731975.0,7132,4168.813095905777,1741.9551570914261,239.3180489712789,46.89556351598565
2017-08-01,Tomato,29366444.0,7480,3925.9951871657754,1741.9551570914261,225.37865978829674,128.08290245961604
2017-09-01,Tomato,16970915.0,7536,2251.9791666666665,1741.9551570914261,129.27882543353394,57.124696079242064
2017-10-01,Tomato,18102888.0,7698,2351.635229929852,1741.9551570914261,134.99975704635355,52.867170628609706
2017-11-01,Tomato,24109896.0,7397,3259.4154386913615,1741.9551570914261,187.1124767720006,164.9882116510835
2017-12-01,Tomato,16386696.0,7912,2071.1193124368046,1741.9551570914261,118.89624735776724,125.21422554922559
2018-01-01,Tomato,33145734.0,27371,1210.980015344708,1741.9551570914261,69.51843796982139,48.83270724926578
2018-02-01,Tomato,23765034.0,25018,949.9174194579903,1741.9551570914261,54.53168042764571,5.187452182461438
2018-03-01,Tomato,23385491.0,27002,866.0651433227168,1741.9551570914261,49.71799301474565,-19.207543085160395
2018-04-01,Tomato,21262370.0,24634,863.1310384022083,1741.9551570914261,49.549555560511315,-23.35971449370686
2018-05-01,Tomato,24174958.0,28100,860.3187900355872,1741.9551570914261,49.388113496106115,-15.69313260608467
2018-06-01,Tomato,31470152.000000004,24810,1268.4462716646515,1741.9551570914261,72.81738950057698,-14.991965790065576
2018-07-01,Tomato,51964482.0,26208,1982.771749084249,1741.9551570914261,113.82450007467004,-52.43797926485253
2018-08-01,Tomato,49592161.0,27309,1815.9640045406277,1741.9551570914261,104.2486080739745,-53.74512912096577
2018-09-01,Tomato,36844162.0,27018,1363.689466281738,1741.9551570914261,78.28499262625766,-39.44484538459372
2018-10-01,Tomato,38172301.0,27306,1397.9455431040797,1741.9551570914261,80.25152297480805,-40.554320444256156
2018-11-01,Tomato,35376876.0,25557,1384.234299800446,1741.9551570914261,79.46440493403556,-57.53120994124612
2018-12-01,Tomato,33965894.0,27587,1231.228259687534,1741.9551570914261,70.68082405423904,-40.552519002929145
2019-01-01,Tomato,13612088.0,10515,1294.5399904897765,1741.9551570914261,74.31534533020317,6.900194395138981
2019-02-01,Tomato,10836941.0,9790,1106.9398365679265,1741.9551570914261,63.54582849401267,16.530112396457696
2019-03-01,Tomato,15023092.0,10694,1404.815036469048,1741.9551570914261,80.64587832528898,62.20662467483462
2019-04-01,Tomato,15294690.0,10035,1524.134529147982,1741.9551570914261,87.49562369291164,76.582055485966
2019-05-01,Tomato,20753635.0,10082,2058.4839317595715,1741.9551570914261,118.17089110357233,139.26990269205004
2019-06-01,Tomato,21114695.0,9759,2163.612562762578,1741.9551570914261,124.2059850940825,70.57187293578868
2019-07-01,Tomato,23700512.0,10161,2332.4979824820393,1741.9551570914261,133.90114969300663,17.638249766233184
2019-08-01,Tomato,23939402.0,9760,2452.807581967213,1741.9551570914261,140.8077338835008,35.06917404938783
2019-09-01,Tomato,18485058.0,9735,1898.824653312789,1741.9551570914261,109.00536937376107,39.24171890028314
2019-10-01,Tomato,23862252.0,9151,2607.6114085892254,1741.9551570914261,149.69451986027016,86.53168726437892
2019-11-01,Tomato,23060439.0,9666,2385.7271880819367,1741.9551570914261,136.95686587394295,72.34995465911138
2019-12-01,Tomato,15834309.0,10216,1549.9519381362568,1741.9551570914261,88.97771747030728,25.886644165364526
2020-01-01,Tomato,17620174.0,11293,1560.273975028779,1741.9551570914261,89.57027215522565,20.527290504054996
2020-02-01,Tomato,12466097.0,10102,1234.0226687784598,1741.9551570914261,70.84124202364254,11.480554589538873
2020-03-01,Tomato,10739756.0,8938,1201.58379950772,1741.9551570914261,68.97903167117263,-14.466761223751023
2020-04-01,Tomato,12925667.0,9499,1360.739762080219,1741.9551570914261,78.11565966785682,-10.720495070674863
2020-05-01,Tomato,11864270.0,10258,1156.587054006629,1741.9551570914261,66.39591434361623,-43.8136467250444
2020-06-01,Tomato,15034147.0,9939,1512.641815071939,1741.9551570914261,86.83586422497949,-30.087214268133867
2020-07-01,Tomato,30928578.0,9844,3141.8709874034944,1741.9551570914261,180.36463077784006,34.69983729890269
2020-08-01,Tomato,27820758.0,9418,2953.998513484816,1741.9551570914261,169.57948093320385,20.43335707221008
2020-09-01,Tomato,34270854.0,9815,3491.6815078960776,1741.9551570914261,200.44611904511947,83.88646375558204
2020-10-01,Tomato,28893836.0,9733,2968.6464604952225,1741.9551570914261,170.42037209798357,13.845431520846319
2020-11-01,Tomato,25916201.0,9510,2725.1525762355413,1741.9551570914261,156.44217735121137,14.227334535533975
2020-12-01,Tomato,23256010.0,10850,2143.411059907834,1741.9551570914261,123.04628228700939,38.28887252369799
2021-01-01,Tomato,6958922.0,4698,1481.2520221370796,1741.9551570914261,85.03387794496115,-5.064620326711655
2021-02-01,Tomato,5931718.0,4381,1353.9643916913947,1741.9551570914261,77.72670761238959,9.719572091140204
2021-03-01,Tomato,5494990.0,4901,1121.1977147520913,1741.9551570914261,64.36432707166672,-6.69001069992472
2021-04-01,Tomato,5217192.0,4464,1168.725806451613,1741.9551570914261,67.092760780539,-14.110997633747878
2021-05-01,Tomato,4491542.0,4060,1106.291133004926,1741.9551570914261,63.50858852486881,-4.3486498337905966
2021-06-01,Tomato,5501407.0,4407,1248.333787156796,1741.9551570914261,71.6627969482958,-17.47327260700994
2021-07-01,Tomato,7817647.0,4608,1696.5379774305557,1741.9551570914261,97.39274690993169,-46.00230295157317
2021-08-01,Tomato,8287473.0,4582,1808.7020951549541,1741.9551570914261,103.83172539154087,-38.771056014471796
2021-09-01,Tomato,7994972.0,4766,1677.5014687368862,1741.9551570914261,96.29992264197206,-51.95720271326609
2021-10-01,Tomato,13536811.0,4420,3062.626923076923,1741.9551570914261,175.81548586994893,3.165768097762056
2021-11-01,Tomato,17755028.0,4355,4076.929506314581,1741.9551570914261,234.04330988186305,49.603715471459964
2021-12-01,Tomato,16410876.0,4789,3426.7855502192524,1741.9551570914261,196.72065243866655,59.87533209642963
2022-01-01,Tomato,33240014.0,16597,2002.7724287521842,1741.9551570914261,114.97267427344394,35.20808065211482
2022-02-01,Tomato,26412220.0,16007,1650.0418566876992,1741.9551570914261,94.7235553091277,21.867448421331083
2022-03-01,Tomato,25298572.0,18157,1393.323346367792,1741.9551570914261,79.98617764043072,24.270976299293533
2022-04-01,Tomato,29178944.0,17414,1675.6026185827495,1741.9551570914261,96.19091580867864,43.3700367813451
2022-05-01,Tomato,40609471.0,14797,2744.4394809758733,1741.9551570914261,157.54937604469183,148.07570078966302
2022-06-01,Tomato,52689267.0,14815,3556.481066486669,1741.9551570914261,204.1660516924551,184.89824621240984
2022-07-01,Tomato,39022689.0,16540,2359.291958887545,1741.9551570914261,135.4393050408311,39.06508373368365
2022-08-01,Tomato,35616308.0,16961,2099.8943458522494,1741.9551570914261,120.5481287680494,16.09951420288196
2022-09-01,Tomato,43742132.0,16304,2682.9079980372912,1741.9551570914261,154.01705302890753,59.93476298160556
2022-10-01,Tomato,48906837.0,16225,3014.288875192604,1741.9551570914261,173.0405552015252,-1.5783198247259933
2022-11-01,Tomato,34816951.0,16615,2095.5131507673786,1741.9551570914261,120.29661855740848,-48.600701887983874
2022-12-01,Tomato,27571368.0,17629,1563.977990810596,1741.9551570914261,89.78290769677437,-54.36020235609638
2023-01-01,Tomato,16925331.0,12546,1349.061932089909,1741.9551570914261,77.44527329523581,-32.64027840994223
2023-02-01,Tomato,15227474.0,11889,1280.8035999663555,1741.9551570914261,73.52678366904325,-22.377508499242214
2023-03-01,Tomato,16596924.0,12140,1367.127182866557,1741.9551570914261,78.48234079396589,-1.8801209044207234
2023-04-01,Tomato,15658510.0,12244,1278.8721006207122,1741.9551570914261,73.41590255147945,-23.676885770063915
2023-05-01,Tomato,16700763.0,12946,1290.0326741850765,1741.9551570914261,74.05659490908292,-52.99467584811293
2023-06-01,Tomato,29425905.0,12840,2291.73714953271,1741.9551570914261,131.56120237671703,-35.561665964479815
2023-07-01,Tomato,73310790.0,10155,7219.181683899556,1741.9551570914261,414.4298235526082,205.98933110862419
2023-08-01,Tomato,45735598.769999996,8650,5287.352458959537,1741.9551570914261,303.5297686874974,151.79135652244668
2023-09-01,Tomato,23388997.0,11981,1952.174025540439,1741.9551570914261,112.06798393134409,-27.23663923740315
2023-10-01,Tomato,19230271.419999998,12235,1571.7426579485082,1741.9551570914261,90.22865207235732,-47.856933325672756
2023-11-01,Tomato,29793168.0,11445,2603.1601572739187,1741.9551570914261,149.43898794848783,24.22542689940359
2023-12-01,Tomato,26106078.0,11847,2203.6024309951886,1741.9551570914261,126.5016738246341,40.89727885832206
2024-01-01,Tomato,33478688.0,17580,1904.3622298065984,1741.9551570914261,109.32326369332871,41.161957394827795
2024-02-01,Tomato,35688399.0,17554,2033.0636322205764,1741.9551570914261,116.71159409265272,58.73344143270531
2024-03-01,Tomato,35997975.0,18009,1998.888055972014,1741.9551570914261,114.74968502114562,46.210834004543536
2024-04-01,Tomato,33190430.0,16926,1960.9139784946237,1741.9551570914261,112.5697163047984,53.331515914912565
2024-05-01,Tomato,33781417.0,17851,1892.410341157358,1741.9551570914261,108.63714450130564,46.694760452700045
2024-06-01,Tomato,33606703.0,13313,2524.3523623525875,1741.9551570914261,144.9148878532295,10.150169833713619
2024-07-01,Tomato,81949549.0,18591,4408.022645366037,1741.9551570914261,253.05029394247964,-38.940134237140114
2024-08-01,Tomato,68144783.0,22493,3029.599564308896,1741.9551570914261,173.91949224269774,-42.70100985654604
2024-09-01,Tomato,34237901.46,11001,3112.2535642214343,1741.9551570914261,178.66439050118947,59.42500635207657
2024-10-01,Tomato,120033330.07,25065,4788.8821093157785,1741.9551570914261,274.91420142593455,204.68614471318025
2024-11-01,Tomato,85826275.0,25057,3425.241449495151,1741.9551570914261,196.63201062043055,31.58012732809079
2024-12-01,Tomato,63713626.00000001,21512,2961.771383413909,1741.9551570914261,170.02569620444373,34.405886549885366
2025-01-01,Tomato,13683971.0,7741,1767.726521121302,1741.9551570914261,101.47945048556284,-7.174880206439116
2025-02-01,Tomato,30578679.5,21412,1428.1094479730991,1741.9551570914261,81.9831349939937,-29.755791931939058
2025-03-01,Tomato,26627145.0,22440,1186.5929144385027,1741.9551570914261,68.11845354387756,-40.63735030616863
2025-04-01,Tomato,39673006.0,31004,1279.609276222423,1741.9551570914261,73.45822141363327,-34.744242212768164
2025-05-01,Tomato,44258530.0,31892,1387.7627618211463,1741.9551570914261,79.6669625031174,-26.66692145782612
2025-06-01,Tomato,44879763.0,21879,2051.2712189771014,1741.9551570914261,117.75683263868548,-18.740693669824882
2025-07-01,Tomato,62060412.0,21127,2937.4928764140673,1741.9551570914261,168.63194580271812,-33.360304319168456
2025-08-01,Tomato,73625563.0,19247,3825.3007221904713,1741.9551570914261,219.5981168985799,26.264235288899897
2025-09-01,Tomato,48991957.0,19269,2542.5272198868647,1741.9551570914261,145.95824752068637,-18.305910253719727
2025-10-01,Tomato,43787832.0,18482,2369.2150200194783,1741.9551570914261,136.00895582038973,-50.52676248992095
2025-11-01,Tomato,55172482.260000005,16958,3253.4781377520935,1741.9551570914261,186.77163556750133,-5.014633691542336
2025-12-01,Tomato,66056499.847391225,16091,4105.183012080743,1741.9551570914261,235.66525208003864,38.60566804953296
2026-01-01,Tomato,48131633.1935,15305,3144.830656223456,1741.9551570914261,180.534535772691,77.90255555076648
2026-02-01,Tomato,28621148.97,15317,1868.5871234575961,1741.9551570914261,107.26953078273321,30.84341162434452
2026-03-01,Tomato,37689132.660000004,23778,1585.0421675498362,1741.9551570914261,90.99213381568384,33.57927122798306
2026-04-01,Tomato,45876122.5697,22624,2027.7635506409124,1741.9551570914261,116.40733358639987,58.467400035356135
2026-05-01,Tomato,57590876.79,21658,2659.104108874319,1741.9551570914261,152.65054889898965,91.61085612246904
2026-06-01,Tomato,57350246.8152,20139,2847.7206820199613,1741.9551570914261,163.4784150686664,38.82711635958225
2026-07-01,Tomato,42362259.947395004,17806,2379.10030031422,1741.9551570914261,136.57643772453056,-19.0091550717734
2001-04-01,Wheat,9842.0,11,894.7272727272727,1578.299982877832,56.689303835374176,
2001-05-01,Wheat,8636.0,10,863.6,1578.299982877832,54.71710127154242,
2001-06-01,Wheat,33723.0,40,843.075,1578.299982877832,53.41665140632888,
2001-07-01,Wheat,44125.00000000001,52,848.5576923076925,1578.299982877832,53.76403101522272,
2001-08-01,Wheat,27295.0,33,827.1212121212121,1578.299982877832,52.40583039309551,
2001-09-01,Wheat,33070.0,45,734.8888888888889,1578.299982877832,46.56205390998682,
2001-10-01,Wheat,27690.0,36,769.1666666666666,1578.299982877832,48.73387030418562,
2001-11-01,Wheat,41052.0,53,774.566037735849,1578.299982877832,49.07597073678764,
2001-12-01,Wheat,66900.0,81,825.925925925926,1578.299982877832,52.3300978829103,
2002-01-01,Wheat,159066.0,189,841.6190476190476,1578.299982877832,53.324403266130744,
2002-02-01,Wheat,175804.0,214,821.5140186915888,1578.299982877832,52.050562478855326,
2002-03-01,Wheat,232447.0,305,762.1213114754098,1578.299982877832,48.28748145113562,
2002-04-01,Wheat,720491.0,985,731.4629441624365,1578.299982877832,46.34498841143656,-18.24738482232473
2002-05-01,Wheat,688122.0,943,729.7158006362672,1578.299982877832,46.23429060080974,-15.50303373827382
2002-06-01,Wheat,670508.0,896,748.3348214285714,1578.299982877832,47.413978935999026,-11.237455572923938
2002-07-01,Wheat,1023191.0,1346,760.1716196136701,1578.299982877832,48.16395031745439,-10.416035762241716
2002-08-01,Wheat,1115910.0,1474,757.0624151967436,1578.299982877832,47.966953266788686,-8.470197100228848
2002-09-01,Wheat,1219487.0,1626,749.9920049200492,1578.299982877832,47.518976940779844,2.0551563997647904
2002-10-01,Wheat,1189831.0,1601,743.1798875702685,1578.299982877832,47.08736587674373,-3.3785628294342063
2002-11-01,Wheat,1389439.5,1808,768.4952986725664,1578.299982877832,48.69133289042503,-0.7837600369141162
2002-12-01,Wheat,1438054.0,1899,757.2690889942074,1578.299982877832,47.98004797626762,-8.312711198010769
2003-01-01,Wheat,2190597.0,2892,757.4678423236514,1578.299982877832,47.992640850347335,-9.998728704330206
2003-02-01,Wheat,2069898.0,2686,770.6247207743857,1578.299982877832,48.82625160834432,-6.194574500171502
2003-03-01,Wheat,2034141.0,2723,747.0220345207492,1578.299982877832,47.3308016615858,-1.9812169962062032
2003-04-01,Wheat,2476807.5,3413,725.6980662174041,1578.299982877832,45.979729714891384,-0.7881298691943206
2003-05-01,Wheat,2922372.85,4010,728.7712842892769,1578.299982877832,46.17444669551689,-0.1294361923048548
2003-06-01,Wheat,2715381.0,3727,728.5701636705124,1578.299982877832,46.1617038316161,-2.641151686664578
2003-07-01,Wheat,2712196.0,3721,728.8890083310938,1578.299982877832,46.18190560973435,-4.1152037875966325
2003-08-01,Wheat,2293740.55,3179,721.5289556464296,1578.299982877832,45.715577740222244,-4.6935970980780395
2003-09-01,Wheat,2448328.5,3324,736.5609205776174,1578.299982877832,46.667992686320055,-1.790830336099869
2003-10-01,Wheat,2314912.5,3003,770.8666333666333,1578.299982877832,48.84157902359314,3.725443362963321
2003-11-01,Wheat,2443641.0,3135,779.4708133971292,1578.299982877832,49.38673394495399,1.4281824161476386
2003-12-01,Wheat,2556470.5,3132,816.24217752235,1578.299982877832,51.71654225288875,7.787600125930072
2004-01-01,Wheat,2838281.2,3457,821.0243563783628,1578.299982877832,52.01953781190112,8.390655088372023
2004-02-01,Wheat,2650500.0,3240,818.0555555555555,1578.299982877832,51.83143663626821,6.15485508088911
2004-03-01,Wheat,2791361.0,3591,777.3213589529379,1578.299982877832,49.25054599161751,4.056014820449971
2004-04-01,Wheat,2985770.5,4184,713.6162762906309,1578.299982877832,45.21423582540001,-1.66485078150308
2004-05-01,Wheat,2521800.0,3503,719.8972309449043,1578.299982877832,45.61219278684031,-1.2176732996589834
2004-06-01,Wheat,2815059.0,3969,709.2615268329554,1578.299982877832,44.93832189871193,-2.6502096572663225
2004-07-01,Wheat,2953100.0,4041,730.7844592922544,1578.299982877832,46.302000077308534,0.2600465831554377
2004-08-01,Wheat,3339477.0,4367,764.7073505839248,1578.299982877832,48.45133110814441,5.9842913578999735
2004-09-01,Wheat,3323300.5,4288,775.0234375,1578.299982877832,49.10495127085042,5.221905730787335
2004-10-01,Wheat,3424825.0,4402,778.0156746933212,1578.299982877832,49.294537358779365,0.9274031352823897
2004-11-01,Wheat,2875702.0,3660,785.7109289617487,1578.299982877832,49.78210336979814,0.8005579500050208
2004-12-01,Wheat,3575625.5,4507,793.3493454626137,1578.299982877832,50.26606817900617,-2.804661740125447
2005-01-01,Wheat,3412259.0,4292,795.0277260018639,1578.299982877832,50.37240921413625,-3.1663653062831254
2005-02-01,Wheat,3530504.0,4426,797.6737460460913,1578.299982877832,50.540059221925176,-2.4914945410550504
2005-03-01,Wheat,3709157.0,4889,758.67396195541,1578.299982877832,48.069059759606866,-2.3989302214268426
2005-04-01,Wheat,4372011.0,6009,727.5771342985522,1578.299982877832,46.09878617447024,1.9563536415522442
2005-05-01,Wheat,4577631.0,6128,747.0024477806788,1578.299982877832,47.329560659223574,3.7651508674644285
2005-06-01,Wheat,4528412.0,5854,773.5585924154424,1578.299982877832,49.01213969507592,9.065353631909323
2005-07-01,Wheat,4485516.0,5736,781.9937238493724,1578.299982877832,49.54658381377568,7.007437542762296
2005-08-01,Wheat,4728116.5,6072,778.675312911726,1578.299982877832,49.33633158202976,1.8265761820041915
2005-09-01,Wheat,5033712.25,6435,782.2396658896658,1578.299982877832,49.562166532077754,0.9310980856196194
2005-10-01,Wheat,4947974.25,6177,801.0319329771734,1578.299982877832,50.752831633222996,2.958328351536732
2005-11-01,Wheat,4606782.0,5499,837.7490452809602,1578.299982877832,53.079202583112874,6.623061281325882
2005-12-01,Wheat,6263591.5,7332,854.2814375340971,1578.299982877832,54.12668357104218,7.680360791871954
2006-01-01,Wheat,6088941.75,6645,916.3193002257336,1578.299982877832,58.057359828068954,15.256269719527427
2006-02-01,Wheat,5830650.49,6460,902.5774752321981,1578.299982877832,57.18668725995051,13.15120745870022
2006-03-01,Wheat,6150309.25,7004,878.1138278126784,1578.299982877832,55.63668740663281,15.743240422990624
2006-04-01,Wheat,8458169.0,9894,854.8786133009905,1578.299982877832,54.164520216380325,17.496629979331058
2006-05-01,Wheat,13734562.75,14709,933.7523115099599,1578.299982877832,59.16190341758603,24.999899837558658
2006-06-01,Wheat,13234053.25,13986,946.2357536107536,1578.299982877832,59.95284571222078,22.322441103798685
2006-07-01,Wheat,11953625.75,12557,951.9491717766982,1578.299982877832,60.31484395260135,21.733607667682865
2006-08-01,Wheat,10645220.0,10714,993.5803621429905,1578.299982877832,62.95256750439301,27.598800895287525
2006-09-01,Wheat,12871286.5,12586,1022.6669712378833,1578.299982877832,64.79547502580456,30.735759874152137
2006-10-01,Wheat,9610952.0,9115,1054.4105320899616,1578.299982877832,66.80672518080982,31.631522874632843
2006-11-01,Wheat,12885037.499999998,11413,1128.9790151581528,1578.299982877832,71.53133291553367,34.76339024409407
2006-12-01,Wheat,13717914.5,12115,1132.308254230293,1578.299982877832,71.7422712104242,32.54510802654531
2007-01-01,Wheat,14111872.450000001,12365,1141.275572179539,1578.299982877832,72.31043430023779,24.54998731319833
2007-02-01,Wheat,11928731.5,11199,1065.160416108581,1578.299982877832,67.4878304291935,18.013183946846965
2007-03-01,Wheat,12766194.0,13187,968.0893304011527,1578.299982877832,61.33747328793372,10.246450942766373
2007-04-01,Wheat,15914165.5,16746,950.326376448107,1578.299982877832,60.21202475813921,11.165066204961981
2007-05-01,Wheat,13920161.5,15083,922.90403102831,1578.299982877832,58.474563837066654,-1.1617942304321893
2007-06-01,Wheat,13890394.5,14790,939.1747464503043,1578.299982877832,59.50546516118165,-0.7462207101671225
2007-07-01,Wheat,14462539.0,14293,1011.8616805429231,1578.299982877832,64.11085924856441,6.293666777860141
2007-08-01,Wheat,14322244.25,14308,1000.995544450657,1578.299982877832,63.42238834885288,0.7463092659836024
2007-09-01,Wheat,12714967.11,12828,991.1885804490178,1578.299982877832,62.801025863391935,-3.0780685867621838
2007-10-01,Wheat,12916988.489999998,12678,1018.8506460009464,1578.299982877832,64.55367528695021,-3.372489652444144
2007-11-01,Wheat,9778071.75,9437,1036.1419677863728,1578.299982877832,65.6492415273995,-8.223097694935898
2007-12-01,Wheat,13820640.5,13594,1016.6720979844049,1578.299982877832,64.41564398490526,-10.212427209098983
2008-01-01,Wheat,11180752.370000001,10705,1044.4420709948622,1578.299982877832,66.17513035072415,-8.484673075035676
2008-02-01,Wheat,12003761.5,11176,1074.0659896206157,1578.299982877832,68.0520814339864,0.8360781509859194
2008-03-01,Wheat,11046085.5,9991,1105.6035932339105,1578.299982877832,70.05028228017724,14.204708027902257
2008-04-01,Wheat,14269839.240000002,13336,1070.0239382123577,1578.299982877832,67.79597984036617,12.595416136046467
2008-05-01,Wheat,13738533.749999998,12886,1066.1596888095605,1578.299982877832,67.55114365936646,15.522270243162062
2008-06-01,Wheat,10638459.75,9857,1079.2796743431065,1578.299982877832,68.38241690753715,14.91787640397504
2008-07-01,Wheat,11428497.37,10526,1085.7398223446703,1578.299982877832,68.79172743605812,7.301209564740829
2008-08-01,Wheat,8555569.0,8040,1064.1254975124377,1578.299982877832,67.4222586996509,6.3067166893760795
2008-09-01,Wheat,7871662.37,7581,1038.3409009365519,1578.299982877832,65.78856441747325,4.757149286987716
2008-10-01,Wheat,8232676.87,7924,1038.9546781928318,1578.299982877832,65.82745292174612,1.9732069926828855
2008-11-01,Wheat,9363360.62,8869,1055.7402886458449,1578.299982877832,66.89097764043784,1.8914706158792205
2008-12-01,Wheat,9911632.620000001,9084,1091.1088309114928,1578.299982877832,69.1319041214201,7.321606747609355
2009-01-01,Wheat,12164026.25,10649,1142.2693445393934,1578.299982877832,72.37339903258496,9.366462368884454
2009-02-01,Wheat,11644728.620000001,10202,1141.4162536757499,1578.299982877832,72.31934778295572,6.270589023950368
2009-03-01,Wheat,9308795.620000001,8274,1125.0659439207157,1578.299982877832,71.2834034167129,1.7603371412603153
2009-04-01,Wheat,11982171.0,10669,1123.0828568750585,1578.299982877832,71.15775638717665,4.958666509026322
2009-05-01,Wheat,9490204.0,8297,1143.811498131855,1578.299982877832,72.47110882218082,7.283318825250085
2009-06-01,Wheat,8012890.0,7011,1142.9025816573956,1578.299982877832,72.41352050029526,5.8949416751512995
2009-07-01,Wheat,8688570.0,7506,1157.5499600319745,1578.299982877832,73.34156830701647,6.613936065477377
2009-08-01,Wheat,8601924.0,7361,1168.5808993343296,1578.299982877832,74.04048102462555,9.816079218670449
2009-09-01,Wheat,10417797.75,8766,1188.4323237508556,1578.299982877832,75.29825360473605,14.454927344085732
2009-10-01,Wheat,10993039.0,8898,1235.4505506855473,1578.299982877832,78.2772960836544,18.912843516379585
2009-11-01,Wheat,12970119.75,9413,1377.8943748008073,1578.299982877832,87.302438683956,30.51452043837186
2009-12-01,Wheat,13042057.75,9259,1408.5816772869641,1578.299982877832,89.24676503630143,29.09635018811647
2010-01-01,Wheat,13600226.0,9534,1426.4973778057479,1578.299982877832,90.38189148331035,24.882750694930557
2010-02-01,Wheat,13018165.5,9524,1366.880039899202,1578.299982877832,86.6045780097436,19.75298542467585
2010-03-01,Wheat,13050812.5,10289,1268.4238021187675,1578.299982877832,80.3664585870397,12.742173823026537
2010-04-01,Wheat,18194800.5,15099,1205.033479038347,1578.299982877832,76.35009137116758,7.2969346528281465
2010-05-01,Wheat,14500443.0,11939,1214.5441829298936,1578.299982877832,76.95268302007611,6.183945948573144
2010-06-01,Wheat,13540051.0,10921,1239.8178738210786,1578.299982877832,78.55400666991241,8.479750918327621
2010-07-01,Wheat,13442793.5,10812,1243.3216333703292,1578.299982877832,78.77600246204706,7.409759949884642
2010-08-01,Wheat,13064291.25,10522,1241.61673160996,1578.299982877832,78.66798106061103,6.249959443735098
2010-09-01,Wheat,12455478.999999998,10146,1227.6245811157105,1578.299982877832,77.78144804115698,3.2978114598194885
2010-10-01,Wheat,13188726.0,10652,1238.1455125797972,1578.299982877832,78.44804701335637,0.21813595799156094
2010-11-01,Wheat,11382475.0,8976,1268.1010472370767,1578.299982877832,80.34600906000477,-7.968196225461954
2010-12-01,Wheat,13064894.0,10098,1293.8100613982967,1578.299982877832,81.97491449243992,-8.14802703594204
2011-01-01,Wheat,12258955.0,9289,1319.7281731079772,1578.299982877832,83.617068201548,-7.4847108981023425
2011-02-01,Wheat,11738074.5,8931,1314.3068525361102,1578.299982877832,83.27357706357168,-3.8462180899919263
2011-03-01,Wheat,12057362.0,9544,1263.344719195306,1578.299982877832,80.04465139078032,-0.40042475669231914
2011-04-01,Wheat,14101282.0,11605,1215.1040068935804,1578.299982877832,76.98815308088584,0.8357052339549753
2011-05-01,Wheat,14603134.0,12094,1207.469323631553,1578.299982877832,76.50442480711963,-0.5825114802553766
2011-06-01,Wheat,12135013.0,10421,1164.4768256405334,1578.299982877832,73.78044974170602,-6.0767835156583345
2011-07-01,Wheat,12087345.0,10444,1157.348238222903,1578.299982877832,73.32878735211185,-6.914815349458214
2011-08-01,Wheat,10655406.25,9389,1134.8819096815423,1578.299982877832,71.90533624743678,-8.596438756911606
2011-09-01,Wheat,10965370.75,9864,1111.6555910381185,1578.299982877832,70.43373269327127,-9.446616812787756
2011-10-01,Wheat,8995412.0,8208,1095.932261208577,1578.299982877832,69.43751334333047,-11.485988514783285
2011-11-01,Wheat,11145437.5,9949,1120.2570610111568,1578.299982877832,70.97871590725792,-11.65869128079664
2011-12-01,Wheat,11094225.5,9854,1125.8601075705296,1578.299982877832,71.33372107865483,-12.981036308084793
2012-01-01,Wheat,11299038.0,9504,1188.8718434343434,1578.299982877832,75.32610126920136,-9.915400181649925
2012-02-01,Wheat,10735070.5,8980,1195.44214922049,1578.299982877832,75.74239131909202,-9.043908055889439
2012-03-01,Wheat,12196155.5,9787,1246.1587309696536,1578.299982877832,78.95575901213908,-1.36035620084749
2012-04-01,Wheat,16500419.5,12815,1287.5863831447523,1578.299982877832,81.58058652430573,5.965117046768165
2012-05-01,Wheat,19453686.500000004,15060,1291.7454515272248,1578.299982877832,81.84410223282705,6.979566788678748
2012-06-01,Wheat,15046077.0,11980,1255.9329716193656,1578.299982877832,79.57504816855725,7.853839936103957
2012-07-01,Wheat,16138021.0,12173,1325.722582765136,1578.299982877832,83.99686986930375,14.548287108534419
2012-08-01,Wheat,15909403.5,10991,1447.4937221362934,1578.299982877832,91.71220540071033,27.545756945096844
2012-09-01,Wheat,17631837.0,11789,1495.617694460938,1578.299982877832,94.76130714605135,34.539663769806374
2012-10-01,Wheat,16707274.5,11426,1462.2155172413793,1578.299982877832,92.6449682002285,33.422070779162105
2012-11-01,Wheat,15537495.0,10113,1536.3883120735686,1578.299982877832,97.3445054008147,37.146050272319364
2012-12-01,Wheat,16726705.5,10784,1551.0669046735904,1578.299982877832,98.27453091936391,37.76728513994565
2013-01-01,Wheat,21576794.5,13735,1570.9351656352385,1578.299982877832,99.53337025137866,32.136628040345606
2013-02-01,Wheat,20537068.5,12806,1603.7067390285804,1578.299982877832,101.60975457304527,34.1517646901029
2013-03-01,Wheat,21109624.0,13501,1563.5600325901785,1578.299982877832,99.06608690061715,25.470374979722756
2013-04-01,Wheat,27459880.849999998,18149,1513.0244558928866,1578.299982877832,95.86418756300537,17.508578507760618
2013-05-01,Wheat,27851668.7,18077,1540.7240526636056,1578.299982877832,97.61921493873987,19.274587020377297
2013-06-01,Wheat,24293712.25,15406,1576.899406075555,1578.299982877832,99.91126041833168,25.556016261150006
2013-07-01,Wheat,24029236.3,15431,1557.2053852634308,1578.299982877832,98.6634608221982,17.460877977614132
2013-08-01,Wheat,19487992.8,12713,1532.9184928813027,1578.299982877832,97.12466004632516,5.901564161462103
2013-09-01,Wheat,22079906.91,14221,1552.6268834821742,1578.299982877832,98.37337010237775,3.8117487665712435
2013-10-01,Wheat,22275698.4,13951,1596.7097985807468,1578.299982877832,101.16643324479716,9.197979350752949
2013-11-01,Wheat,19257371.0,11562,1665.5743815948797,1578.299982877832,105.52964580015478,8.40842568939857
2013-12-01,Wheat,19951077.0,11784,1693.064918533605,1578.299982877832,107.27142728890571,9.154860659598496
2014-01-01,Wheat,23284552.0,13536,1720.1944444444443,1578.299982877832,108.99033536754436,9.501301013199349
2014-02-01,Wheat,20752158.5,12185,1703.0905621665984,1578.299982877832,107.90664516521292,6.197131976773895
2014-03-01,Wheat,22957159.5,13912,1650.1696017826337,1578.299982877832,104.55360955993653,5.539254482539979
2014-04-01,Wheat,26619543.3,17066,1559.799794913864,1578.299982877832,98.82784083097845,3.09151242326573
2014-05-01,Wheat,29388514.0,18987,1547.8229314794332,1578.299982877832,98.06899501178302,0.4607495289993935
2014-06-01,Wheat,23606356.0,15455,1527.4251698479457,1578.299982877832,96.77660688197422,-3.1374376854346187
2014-07-01,Wheat,24920862.0,16028,1554.8329173945594,1578.299982877832,98.51314289185487,-0.15235420396839672
2014-08-01,Wheat,23302351.9,14715,1583.5781107713217,1578.299982877832,100.33441854848569,3.304782225883285
2014-09-01,Wheat,26951043.7,16170,1666.7312121212121,1578.299982877832,105.60294178563804,7.3491145781998
2014-10-01,Wheat,20715277.0,13500,1534.464962962963,1578.299982877832,97.22264332570407,-3.8983186345515564
2014-11-01,Wheat,23989410.2,15352,1562.6244267847837,1578.299982877832,99.00680756110344,-6.1810481685912855
2014-12-01,Wheat,26460884.5,16787,1576.2723833919104,1578.299982877832,99.87153269290262,-6.898290423668496
2015-01-01,Wheat,22544646.0,13884,1623.786084701815,1578.299982877832,102.88196808702011,-5.604503610274447
2015-02-01,Wheat,20969519.25,13185,1590.4072241183162,1578.299982877832,100.76710646720075,-6.616403176172348
2015-03-01,Wheat,21039811.0,13477,1561.1642798842472,1578.299982877832,98.91429365903306,-5.393707519653512
2015-04-01,Wheat,25013410.98,16379,1527.1635008242263,1578.299982877832,96.76002771283285,-2.09233865756725
2015-05-01,Wheat,27178829.759999998,17827,1524.587971055141,1578.299982877832,96.59684392033294,-1.5011381438885918
2015-06-01,Wheat,25387604.6,16552,1533.8088811019818,1578.299982877832,97.18107443081091,0.4179393779841556
2015-07-01,Wheat,24588912.5,16028,1534.1223171949089,1578.299982877832,97.20093352580727,-1.3320145185989118
2015-08-01,Wheat,23058957.0,15015,1535.728071928072,1578.299982877832,97.3026730398783,-3.021640582032503
2015-09-01,Wheat,24078042.7,15429,1560.5705295223281,1578.299982877832,98.87667404499514,-6.369394286663388
2015-10-01,Wheat,25426730.5,15633,1626.4779952664237,1578.299982877832,103.05252568657734,5.996424455713134
2015-11-01,Wheat,21939871.55,13304,1649.1184267889357,1578.299982877832,104.48700783624004,5.535175216870236
2015-12-01,Wheat,25748997.5,15394,1672.66451214759,1578.299982877832,105.97887158927139,6.1151949226096125
2016-01-01,Wheat,16359860.6,9669,1691.9909608025648,1578.299982877832,107.20338206666084,4.200360918431856
2016-02-01,Wheat,16895292.8,9949,1698.190049251181,1578.299982877832,107.59615204168885,6.777058321815499
2016-03-01,Wheat,16880662.0,10070,1676.3318768619663,1578.299982877832,106.21123329199975,7.377032543061901
2016-04-01,Wheat,22091175.0,13586,1626.0249521566318,1578.299982877832,103.02382118713449,6.473534187992902
2016-05-01,Wheat,23597111.6,14249,1656.0538704470491,1578.299982877832,104.92643277024199,8.623044513523404
2016-06-01,Wheat,22559791.15,13066,1726.6027208020816,1578.299982877832,109.39635934442819,12.56961294692629
2016-07-01,Wheat,18220258.3,10519,1732.1283677155625,1578.299982877832,109.74646052756356,12.906796824564859
2016-08-01,Wheat,17758363.25,10191,1742.5535521538613,1578.299982877832,110.40699303414637,13.46758478967729
2016-09-01,Wheat,17559192.5,10090,1740.2569375619426,1578.299982877832,110.26148111519348,11.514148488669363
2016-10-01,Wheat,16774125.0,9555,1755.5337519623233,1578.299982877832,111.22940955504086,7.934675849995743
2016-11-01,Wheat,16107226.5,8479,1899.6611039037623,1578.299982877832,120.3612193190276,15.192521837420037
2016-12-01,Wheat,20588925.0,10817,1903.385874087085,1578.299982877832,120.59721819273543,13.793642434803854
2017-01-01,Wheat,18527097.5,9802,1890.1344113446235,1578.299982877832,119.7576146391512,11.710668386081258
2017-02-01,Wheat,16846285.099999998,9166,1837.9102225616407,1578.299982877832,116.44872600267294,8.227593452927673
2017-03-01,Wheat,19208416.5,11153,1722.2645476553394,1578.299982877832,109.12149568138537,2.74007023474121
2017-04-01,Wheat,23462962.0,13982,1678.083392933772,1578.299982877832,106.3222081441069,3.201576993519928
2017-05-01,Wheat,22536289.5,13484,1671.335619994067,1578.299982877832,105.89467389758163,0.9227809444926072
2017-06-01,Wheat,18814587.5,11395,1651.1265906099165,1578.299982877832,104.6142437129914,-4.371366341708482
2017-07-01,Wheat,21147654.1,12855,1645.0917230649554,1578.299982877832,104.23187866132629,-5.024838012750521
2017-08-01,Wheat,22353600.0,13537,1651.2964467755041,1578.299982877832,104.62500568266954,-5.236975659402832
2017-09-01,Wheat,21708116.4,13227,1641.1972782943976,1578.299982877832,103.98512932261967,-5.692243319329904
2017-10-01,Wheat,18992134.799999997,11581,1639.9391071582763,1578.299982877832,103.9054124658896,-6.584586862818009
2017-11-01,Wheat,21026983.5,12656,1661.424107142857,1578.299982877832,105.26668726901072,-12.541026200480365
2017-12-01,Wheat,20242384.0,12152,1665.7656352863726,1578.299982877832,105.54176350233863,-12.484081238371147
2018-01-01,Wheat,34702150.2,20685,1677.6480638143585,1578.299982877832,106.29462599089544,-11.241864401542978
2018-02-01,Wheat,31744945.3,18937,1676.3450018482336,1578.299982877832,106.21206488209097,-8.790702545210326
2018-03-01,Wheat,33291390.5,19570,1701.1441236586613,1578.299982877832,107.78332016178815,-1.2263170617679564
2018-04-01,Wheat,42712147.599999994,24689,1730.0071934869777,1578.299982877832,109.61206438921242,3.0942324303935953
2018-05-01,Wheat,46934983.5,26838,1748.8256762799017,1578.299982877832,110.80439049939908,4.636415053854348
2018-06-01,Wheat,36561015.0,20817,1756.305663640294,1578.299982877832,111.27831734737086,6.370139856540291
2018-07-01,Wheat,36658779.0,20303,1805.5843471408166,1578.299982877832,114.40058079760985,9.755846547987534
2018-08-01,Wheat,37310238.1,19950,1870.187373433584,1578.299982877832,118.49378405387371,13.25570142693091
2018-09-01,Wheat,34804645.82,18507,1880.6206203058302,1578.299982877832,119.15482739071913,14.588334088650923
2018-10-01,Wheat,37627550.5,19793,1901.0534279795888,1578.299982877832,120.44943601363134,15.922196115792197
2018-11-01,Wheat,30319902.0,15674,1934.4074263110883,1578.299982877832,122.56272237828571,16.430682448545863
2018-12-01,Wheat,36818392.5,18786,1959.8846215266688,1578.299982877832,124.17693992197003,17.656684710615522
2019-01-01,Wheat,29743073.5,14859,2001.6874284945152,1578.299982877832,126.82553698345033,19.31509782471359
2019-02-01,Wheat,26765368.0,13449,1990.13815153543,1578.299982877832,126.09378274887027,18.7188883756761
2019-03-01,Wheat,28422900.5,14706,1932.7417720658234,1578.299982877832,122.45718767237842,13.614228517514636
2019-04-01,Wheat,34953484.1,18737,1865.479217590863,1578.299982877832,118.19547854200668,7.8307202775746765
2019-05-01,Wheat,37961036.95,20091,1889.4548280324525,1578.299982877832,119.71455670849522,8.041347611712624
2019-06-01,Wheat,31748613.8,16847,1884.526253932451,1578.299982877832,119.40228564764057,7.300585139969007
2019-07-01,Wheat,33259397.0,17332,1918.9589776136627,1578.299982877832,121.5839193075756,6.279110175737701
2019-08-01,Wheat,30054677.5,15164,1981.9755671326827,1578.299982877832,125.57660702237347,5.977379341079625
2019-09-01,Wheat,30076989.6,15210,1977.4483629191323,1578.299982877832,125.28976648111617,5.148712162772928
2019-10-01,Wheat,28878464.5,14356,2011.5954653106714,1578.299982877832,127.45330337283407,5.814778043800972
2019-11-01,Wheat,33267592.5,16152,2059.657782317979,1578.299982877832,130.49849867972827,6.4748694769924064
2019-12-01,Wheat,33321382.000000004,16030,2078.688833437305,1578.299982877832,131.70429297268805,6.061796220335314
2020-01-01,Wheat,29601321.0,13902,2129.2850668968495,1578.299982877832,134.9100354809841,6.374503660559094
2020-02-01,Wheat,25327772.0,12283,2062.0183994138238,1578.299982877832,130.64806575325383,3.611822014614252
2020-03-01,Wheat,19096110.5,9949,1919.3999899487385,1578.299982877832,121.61186154541758,-0.6903033974799633
2020-04-01,Wheat,16726209.879999999,8696,1923.4371987120514,1578.299982877832,121.86765631238903,3.1068682285314786
2020-05-01,Wheat,28436503.74,14928,1904.910486334405,1578.299982877832,120.6938165747832,0.8179956499964058
2020-06-01,Wheat,27004214.56,14474,1865.7050269448666,1578.299982877832,118.20978566717004,-0.9987245838740777
2020-07-01,Wheat,22223796.5,12131,1831.9838842634572,1578.299982877832,116.07323728934371,-4.532410247683583
2020-08-01,Wheat,16499475.0,9282,1777.577569489334,1578.299982877832,112.62609065281394,-10.312841441282284
2020-09-01,Wheat,17545664.650000002,10346,1695.888715445583,1578.299982877832,107.45034111660718,-14.238533493633554
2020-10-01,Wheat,16712842.0,9946,1680.3581339231853,1578.299982877832,106.46633416666856,-16.466398791385707
2020-11-01,Wheat,16345141.5,9593,1703.8613051183154,1578.299982877832,107.95547890785237,-17.274543385515408
2020-12-01,Wheat,19363161.5,11656,1661.2183853809197,1578.299982877832,105.25365287984712,-20.083354532965814
2021-01-01,Wheat,19115691.5,10978,1741.2726817270905,1578.299982877832,110.32583796599289,-18.222660328672447
2021-02-01,Wheat,20492257.5,11831,1732.0816076409433,1578.299982877832,109.74349784143757,-16.000671568530755
2021-03-01,Wheat,22181680.5,12675,1750.0339644970413,1578.299982877832,110.88094680873492,-8.823904675347038
2021-04-01,Wheat,23578810.5,12491,1887.6639580497958,1578.299982877832,119.6010884196981,-1.8598600820556754
2021-05-01,Wheat,18328649.5,9591,1911.025909707017,1578.299982877832,121.08128558821252,0.3210346846470369
2021-06-01,Wheat,24458728.500000004,13428,1821.4721849865955,1578.299982877832,115.40722326216905,-2.370837904140899
2021-07-01,Wheat,23515129.200000003,13302,1767.7889941362203,1578.299982877832,112.00589325946001,-3.504118714070803
2021-08-01,Wheat,22722279.5,12713,1787.3263195154566,1578.299982877832,113.24376474087589,0.5484289514815943
2021-09-01,Wheat,25116776.0,13425,1870.895791433892,1578.299982877832,118.53866893051271,10.319490565294975
2021-10-01,Wheat,24225182.999999996,12650,1915.0342292490116,1578.299982877832,121.33524995401615,13.965838031082134
2021-11-01,Wheat,22610375.999999996,11616,1946.4855371900824,1578.299982877832,123.32798316584342,14.2396702914102
2021-12-01,Wheat,27450018.5,14079,1949.7136515377513,1578.299982877832,123.53251426783221,17.366486471354502
2022-01-01,Wheat,26942031.0,13704,1965.997591943958,1578.299982877832,124.56425351783936,12.905785094725818
2022-02-01,Wheat,26099297.5,13124,1988.6694224321852,1578.299982877832,126.00072508434651,14.81384096796161
2022-03-01,Wheat,29788085.0,14184,2100.118795826283,1578.299982877832,133.06208063165406,20.00445925230119
2022-04-01,Wheat,38241097.0,18093,2113.585198695628,1578.299982877832,133.91530264365656,11.968297624288947
2022-05-01,Wheat,35847938.25,16860,2126.2122330960856,1578.299982877832,134.71534284751144,11.260251485656681
2022-06-01,Wheat,32573604.5,15705,2074.091340337472,1578.299982877832,131.41299897600118,13.868954872497042
2022-07-01,Wheat,30252467.5,14183,2133.009060142424,1578.299982877832,135.1459851284513,20.65970923100233
2022-08-01,Wheat,30349870.5,13460,2254.819502228826,1578.299982877832,142.86381085282946,26.156006186945557
2022-09-01,Wheat,31944459.000000004,14119,2262.5156880798927,1578.299982877832,143.35143588828274,20.93221324453647
2022-10-01,Wheat,27559864.25,11928,2310.5184649564053,1578.299982877832,146.39285877349278,20.651549182099195
2022-11-01,Wheat,32291639.41,13030,2478.2532164236377,1578.299982877832,157.02041711391607,27.319374794903805
2022-12-01,Wheat,34263289.91,13348,2566.9231278094094,1578.299982877832,162.63848163572473,31.656416611991254
2023-01-01,Wheat,27952298.499999996,10457,2673.0705269197665,1578.299982877832,169.3639077436824,35.96509669559984
2023-02-01,Wheat,26507727.75,10690,2479.675187090739,1578.299982877832,157.11051219612654,24.690165148616995
2023-03-01,Wheat,25090675.400000006,11139,2252.50699344645,1578.299982877832,142.71729188891493,7.256170361553771
2023-04-01,Wheat,33085126.0,14989,2207.2937487490826,1578.299982877832,139.8526118415309,4.433630123417087
2023-05-01,Wheat,34350261.5,15408,2229.378342419522,1578.299982877832,141.25187648767064,4.852107786681814
2023-06-01,Wheat,31928830.07,14014,2278.3523669187957,1578.299982877832,144.35483695339755,9.84821751138929
2023-07-01,Wheat,31334003.48,13621,2300.4187269657145,1578.299982877832,145.75294632970784,7.848521131556385
2023-08-01,Wheat,30282125.22,12700,2384.4193086614173,1578.299982877832,151.07516533794342,5.747679861048116
2023-09-01,Wheat,24712565.66,10287,2402.310261495091,1578.299982877832,152.20872378866653,6.17872283280545
2023-10-01,Wheat,29405389.82,11912,2468.55186534587,1578.299982877832,156.40574619058,6.839737608089025
2023-11-01,Wheat,24871588.0,9722,2558.2789549475415,1578.299982877832,162.0907927961097,3.229118719328805
2023-12-01,Wheat,26593353.0,10530,2525.4846153846156,1578.299982877832,160.01296602561646,-1.6143261937164755
2024-01-01,Wheat,19916339.75,7833,2542.619654027831,1578.299982877832,161.0986302738015,-4.880188217190695
2024-02-01,Wheat,22161247.5,9004,2461.2669369169257,1578.299982877832,155.94417814217513,-0.742365381951926
2024-03-01,Wheat,28834368.5,11855,2432.2537747785746,1578.299982877832,154.10592416934992,7.979854528979868
2024-04-01,Wheat,34866579.0,14626,2383.876589634897,1578.299982877832,151.04077903417303,7.999970143796542
2024-05-01,Wheat,49242733.50000001,20353,2419.4336707119346,1578.299982877832,153.29365120440545,8.525036987941114
2024-06-01,Wheat,42275097.0,17105,2471.5052323881905,1578.299982877832,156.59286949250998,8.477743314595877
2024-07-01,Wheat,37048496.0,14752,2511.4219088937093,1578.299982877832,159.12196262680345,9.172381508400896
2024-08-01,Wheat,43011575.5,16642,2584.5196190361735,1578.299982877832,163.7533832018186,8.391993373308559
2024-09-01,Wheat,32508594.5,12353,2631.6355945924065,1578.299982877832,166.73861896608204,9.546033115414243
2024-10-01,Wheat,34682792.5,12684,2734.373423210344,1578.299982877832,173.24801703568147,10.768319742280564
2024-11-01,Wheat,27420179.0,9739,2815.5025156586917,1578.299982877832,178.38830046268998,10.054554848825092
2024-12-01,Wheat,50963517.5,18078,2819.0904690784378,1578.299982877832,178.61563072047812,11.625723312874259
2025-01-01,Wheat,37879784.5,12913,2933.4612018895687,1578.299982877832,185.8620815886198,15.371608853986274
2025-02-01,Wheat,25831184.5,8924,2894.5746862393544,1578.299982877832,183.39825873668582,17.605069276443697
2025-03-01,Wheat,48168235.5,18535,2598.7718100890206,1578.299982877832,164.65639221198535,6.846244295606252
2025-04-01,Wheat,68786542.33333333,27583,2493.8020640732816,1578.299982877832,158.0055813930978,4.6112065916642075
2025-05-01,Wheat,51445508.5,20442,2516.6572986987576,1578.299982877832,159.4536733194376,4.018445686845973
2025-06-01,Wheat,48840752.83333333,19464,2509.286520413755,1578.299982877832,158.98666588327436,1.5286752190711184
2025-07-01,Wheat,48575575.0,19180,2532.6160062565173,1578.299982877832,160.4648060401426,0.8439082771299011
2025-08-01,Wheat,44564707.5,17167,2595.9519718063725,1578.299982877832,164.47772920031207,0.4423395622921378
2025-09-01,Wheat,47839525.5,18527,2582.151751497814,1578.299982877832,163.6033567452484,-1.8803455613791709
2025-10-01,Wheat,32460990.0,12768,2542.370770676692,1578.299982877832,161.0828611960698,-7.021815341820725
2025-11-01,Wheat,34860722.29,13760,2533.4827245639535,1578.299982877832,160.51972071522587,-10.0166769351566
2025-12-01,Wheat,33817464.559999995,13426,2518.8041531357067,1578.299982877832,159.58969653810573,-10.651886459000192
2026-01-01,Wheat,32455612.269999996,12628,2570.1308417801706,1578.299982877832,162.84172018388162,-12.385722363580632
2026-02-01,Wheat,34289239.23,13944,2459.0676441480205,1578.299982877832,155.80483246690653,-15.045631545169991
2026-03-01,Wheat,53668925.57000001,22792,2354.7264641102142,1578.299982877832,149.19384715551132,-9.390795491599812
2026-04-01,Wheat,98609971.10000001,40862,2413.243872057168,1578.299982877832,152.90146982431824,-3.230336247477983
2026-05-01,Wheat,95480172.99000001,38942,2451.8559136664785,1578.299982877832,155.34790219004037,-2.574899056211788
2026-06-01,Wheat,73989336.10000001,30524,2423.972483947058,1578.299982877832,153.5812272852749,-3.39993204333755
2026-07-01,Wheat,59939346.29000001,24059,2491.3481977638307,1578.299982877832,157.85010611361537,-1.6294538291923844
